$date
	Mon Aug 31 20:11:56 2026
$end
$version
	Questa Altera Starter FPGA Edition Version 2025.2
$end
$timescale
	1ps
$end

$scope module MDIO_tb $end
$var reg 1 ! clk $end
$var reg 1 " rst_n $end
$var wire 1 # MDC $end
$var reg 2 $ op [1:0] $end
$var reg 5 % PHY_ad [4:0] $end
$var reg 5 & reg_ad [4:0] $end
$var reg 16 ' data [15:0] $end
$var wire 1 ( MDIO $end

$scope module MDC_gen $end
$var parameter 32 ) CLK_HZ $end
$var parameter 32 * MDC_HZ $end
$var wire 1 + rst_n $end
$var wire 1 , clk $end
$var reg 1 - MDC $end
$var reg 4 . counter [3:0] $end
$upscope $end

$scope module dut $end
$var wire 1 / rst_n $end
$var wire 1 0 clk $end
$var wire 1 # MDC $end
$var wire 1 ( MDIO $end
$var wire 1 1 op [1] $end
$var wire 1 2 op [0] $end
$var wire 1 3 PHY_ad [4] $end
$var wire 1 4 PHY_ad [3] $end
$var wire 1 5 PHY_ad [2] $end
$var wire 1 6 PHY_ad [1] $end
$var wire 1 7 PHY_ad [0] $end
$var wire 1 8 reg_ad [4] $end
$var wire 1 9 reg_ad [3] $end
$var wire 1 : reg_ad [2] $end
$var wire 1 ; reg_ad [1] $end
$var wire 1 < reg_ad [0] $end
$var wire 1 = data [15] $end
$var wire 1 > data [14] $end
$var wire 1 ? data [13] $end
$var wire 1 @ data [12] $end
$var wire 1 A data [11] $end
$var wire 1 B data [10] $end
$var wire 1 C data [9] $end
$var wire 1 D data [8] $end
$var wire 1 E data [7] $end
$var wire 1 F data [6] $end
$var wire 1 G data [5] $end
$var wire 1 H data [4] $end
$var wire 1 I data [3] $end
$var wire 1 J data [2] $end
$var wire 1 K data [1] $end
$var wire 1 L data [0] $end
$var reg 1 M MDC_d $end
$var reg 64 N ins [63:0] $end
$var reg 1 O ready $end
$var reg 8 P counter [7:0] $end
$upscope $end
$upscope $end
$enddefinitions $end
#0
$dumpvars
0!
0"
b10 $
b1 %
b1 &
b1100110011100110 '
0-
b0 .
xM
bx N
xO
bx P
b1011111010111100001000000 )
b1001100010010110100000 *
0#
x(
0L
1K
1J
0I
0H
1G
1F
1E
0D
0C
1B
1A
0@
0?
1>
1=
1<
0;
0:
09
08
17
06
05
04
03
02
11
00
0/
0,
0+
$end
#20000
1!
1,
10
0M
b1111111111111111111111111111111110100000100001101100110011100110 N
b0 P
1(
#40000
0!
0,
00
#60000
1!
1,
10
#80000
0!
0,
00
#100000
1"
1!
1+
1/
1,
10
#120000
0!
0,
00
b1 .
#140000
1!
1,
10
#160000
0!
0,
00
b10 .
#180000
1!
1,
10
#200000
0!
0,
00
b11 .
#220000
1!
1,
10
#240000
0!
0,
00
b100 .
#260000
1!
1,
10
#280000
0!
0,
00
1-
b0 .
1#
#300000
1!
1,
10
1M
#320000
0!
0,
00
b1 .
#340000
1!
1,
10
#360000
0!
0,
00
b10 .
#380000
1!
1,
10
#400000
0!
0,
00
b11 .
#420000
1!
1,
10
#440000
0!
0,
00
b100 .
#460000
1!
1,
10
#480000
0!
0,
00
0-
b0 .
0#
#500000
1!
1,
10
0M
b1111111111111111111111111111111101000001000011011001100111001100 N
b1 P
#520000
0!
0,
00
b1 .
#540000
1!
1,
10
#560000
0!
0,
00
b10 .
#580000
1!
1,
10
#600000
0!
0,
00
b11 .
#620000
1!
1,
10
#640000
0!
0,
00
b100 .
#660000
1!
1,
10
#680000
0!
0,
00
1-
b0 .
1#
#700000
1!
1,
10
1M
#720000
0!
0,
00
b1 .
#740000
1!
1,
10
#760000
0!
0,
00
b10 .
#780000
1!
1,
10
#800000
0!
0,
00
b11 .
#820000
1!
1,
10
#840000
0!
0,
00
b100 .
#860000
1!
1,
10
#880000
0!
0,
00
0-
b0 .
0#
#900000
1!
1,
10
0M
b1111111111111111111111111111111010000010000110110011001110011000 N
b10 P
#920000
0!
0,
00
b1 .
#940000
1!
1,
10
#960000
0!
0,
00
b10 .
#980000
1!
1,
10
#1000000
0!
0,
00
b11 .
#1020000
1!
1,
10
#1040000
0!
0,
00
b100 .
#1060000
1!
1,
10
#1080000
0!
0,
00
1-
b0 .
1#
#1100000
1!
1,
10
1M
#1120000
0!
0,
00
b1 .
#1140000
1!
1,
10
#1160000
0!
0,
00
b10 .
#1180000
1!
1,
10
#1200000
0!
0,
00
b11 .
#1220000
1!
1,
10
#1240000
0!
0,
00
b100 .
#1260000
1!
1,
10
#1280000
0!
0,
00
0-
b0 .
0#
#1300000
1!
1,
10
0M
b1111111111111111111111111111110100000100001101100110011100110000 N
b11 P
#1320000
0!
0,
00
b1 .
#1340000
1!
1,
10
#1360000
0!
0,
00
b10 .
#1380000
1!
1,
10
#1400000
0!
0,
00
b11 .
#1420000
1!
1,
10
#1440000
0!
0,
00
b100 .
#1460000
1!
1,
10
#1480000
0!
0,
00
1-
b0 .
1#
#1500000
1!
1,
10
1M
#1520000
0!
0,
00
b1 .
#1540000
1!
1,
10
#1560000
0!
0,
00
b10 .
#1580000
1!
1,
10
#1600000
0!
0,
00
b11 .
#1620000
1!
1,
10
#1640000
0!
0,
00
b100 .
#1660000
1!
1,
10
#1680000
0!
0,
00
0-
b0 .
0#
#1700000
1!
1,
10
0M
b1111111111111111111111111111101000001000011011001100111001100000 N
b100 P
#1720000
0!
0,
00
b1 .
#1740000
1!
1,
10
#1760000
0!
0,
00
b10 .
#1780000
1!
1,
10
#1800000
0!
0,
00
b11 .
#1820000
1!
1,
10
#1840000
0!
0,
00
b100 .
#1860000
1!
1,
10
#1880000
0!
0,
00
1-
b0 .
1#
#1900000
1!
1,
10
1M
#1920000
0!
0,
00
b1 .
#1940000
1!
1,
10
#1960000
0!
0,
00
b10 .
#1980000
1!
1,
10
#2000000
0!
0,
00
b11 .
#2020000
1!
1,
10
#2040000
0!
0,
00
b100 .
#2060000
1!
1,
10
#2080000
0!
0,
00
0-
b0 .
0#
#2100000
1!
1,
10
0M
b1111111111111111111111111111010000010000110110011001110011000000 N
b101 P
#2120000
0!
0,
00
b1 .
#2140000
1!
1,
10
#2160000
0!
0,
00
b10 .
#2180000
1!
1,
10
#2200000
0!
0,
00
b11 .
#2220000
1!
1,
10
#2240000
0!
0,
00
b100 .
#2260000
1!
1,
10
#2280000
0!
0,
00
1-
b0 .
1#
#2300000
1!
1,
10
1M
#2320000
0!
0,
00
b1 .
#2340000
1!
1,
10
#2360000
0!
0,
00
b10 .
#2380000
1!
1,
10
#2400000
0!
0,
00
b11 .
#2420000
1!
1,
10
#2440000
0!
0,
00
b100 .
#2460000
1!
1,
10
#2480000
0!
0,
00
0-
b0 .
0#
#2500000
1!
1,
10
0M
b1111111111111111111111111110100000100001101100110011100110000000 N
b110 P
#2520000
0!
0,
00
b1 .
#2540000
1!
1,
10
#2560000
0!
0,
00
b10 .
#2580000
1!
1,
10
#2600000
0!
0,
00
b11 .
#2620000
1!
1,
10
#2640000
0!
0,
00
b100 .
#2660000
1!
1,
10
#2680000
0!
0,
00
1-
b0 .
1#
#2700000
1!
1,
10
1M
#2720000
0!
0,
00
b1 .
#2740000
1!
1,
10
#2760000
0!
0,
00
b10 .
#2780000
1!
1,
10
#2800000
0!
0,
00
b11 .
#2820000
1!
1,
10
#2840000
0!
0,
00
b100 .
#2860000
1!
1,
10
#2880000
0!
0,
00
0-
b0 .
0#
#2900000
1!
1,
10
0M
b1111111111111111111111111101000001000011011001100111001100000000 N
b111 P
#2920000
0!
0,
00
b1 .
#2940000
1!
1,
10
#2960000
0!
0,
00
b10 .
#2980000
1!
1,
10
#3000000
0!
0,
00
b11 .
#3020000
1!
1,
10
#3040000
0!
0,
00
b100 .
#3060000
1!
1,
10
#3080000
0!
0,
00
1-
b0 .
1#
#3100000
1!
1,
10
1M
#3120000
0!
0,
00
b1 .
#3140000
1!
1,
10
#3160000
0!
0,
00
b10 .
#3180000
1!
1,
10
#3200000
0!
0,
00
b11 .
#3220000
1!
1,
10
#3240000
0!
0,
00
b100 .
#3260000
1!
1,
10
#3280000
0!
0,
00
0-
b0 .
0#
#3300000
1!
1,
10
0M
b1111111111111111111111111010000010000110110011001110011000000000 N
b1000 P
#3320000
0!
0,
00
b1 .
#3340000
1!
1,
10
#3360000
0!
0,
00
b10 .
#3380000
1!
1,
10
#3400000
0!
0,
00
b11 .
#3420000
1!
1,
10
#3440000
0!
0,
00
b100 .
#3460000
1!
1,
10
#3480000
0!
0,
00
1-
b0 .
1#
#3500000
1!
1,
10
1M
#3520000
0!
0,
00
b1 .
#3540000
1!
1,
10
#3560000
0!
0,
00
b10 .
#3580000
1!
1,
10
#3600000
0!
0,
00
b11 .
#3620000
1!
1,
10
#3640000
0!
0,
00
b100 .
#3660000
1!
1,
10
#3680000
0!
0,
00
0-
b0 .
0#
#3700000
1!
1,
10
0M
b1111111111111111111111110100000100001101100110011100110000000000 N
b1001 P
#3720000
0!
0,
00
b1 .
#3740000
1!
1,
10
#3760000
0!
0,
00
b10 .
#3780000
1!
1,
10
#3800000
0!
0,
00
b11 .
#3820000
1!
1,
10
#3840000
0!
0,
00
b100 .
#3860000
1!
1,
10
#3880000
0!
0,
00
1-
b0 .
1#
#3900000
1!
1,
10
1M
#3920000
0!
0,
00
b1 .
#3940000
1!
1,
10
#3960000
0!
0,
00
b10 .
#3980000
1!
1,
10
#4000000
0!
0,
00
b11 .
#4020000
1!
1,
10
#4040000
0!
0,
00
b100 .
#4060000
1!
1,
10
#4080000
0!
0,
00
0-
b0 .
0#
#4100000
1!
1,
10
0M
b1111111111111111111111101000001000011011001100111001100000000000 N
b1010 P
#4120000
0!
0,
00
b1 .
#4140000
1!
1,
10
#4160000
0!
0,
00
b10 .
#4180000
1!
1,
10
#4200000
0!
0,
00
b11 .
#4220000
1!
1,
10
#4240000
0!
0,
00
b100 .
#4260000
1!
1,
10
#4280000
0!
0,
00
1-
b0 .
1#
#4300000
1!
1,
10
1M
#4320000
0!
0,
00
b1 .
#4340000
1!
1,
10
#4360000
0!
0,
00
b10 .
#4380000
1!
1,
10
#4400000
0!
0,
00
b11 .
#4420000
1!
1,
10
#4440000
0!
0,
00
b100 .
#4460000
1!
1,
10
#4480000
0!
0,
00
0-
b0 .
0#
#4500000
1!
1,
10
0M
b1111111111111111111111010000010000110110011001110011000000000000 N
b1011 P
#4520000
0!
0,
00
b1 .
#4540000
1!
1,
10
#4560000
0!
0,
00
b10 .
#4580000
1!
1,
10
#4600000
0!
0,
00
b11 .
#4620000
1!
1,
10
#4640000
0!
0,
00
b100 .
#4660000
1!
1,
10
#4680000
0!
0,
00
1-
b0 .
1#
#4700000
1!
1,
10
1M
#4720000
0!
0,
00
b1 .
#4740000
1!
1,
10
#4760000
0!
0,
00
b10 .
#4780000
1!
1,
10
#4800000
0!
0,
00
b11 .
#4820000
1!
1,
10
#4840000
0!
0,
00
b100 .
#4860000
1!
1,
10
#4880000
0!
0,
00
0-
b0 .
0#
#4900000
1!
1,
10
0M
b1111111111111111111110100000100001101100110011100110000000000000 N
b1100 P
#4920000
0!
0,
00
b1 .
#4940000
1!
1,
10
#4960000
0!
0,
00
b10 .
#4980000
1!
1,
10
#5000000
0!
0,
00
b11 .
#5020000
1!
1,
10
#5040000
0!
0,
00
b100 .
#5060000
1!
1,
10
#5080000
0!
0,
00
1-
b0 .
1#
#5100000
1!
1,
10
1M
#5120000
0!
0,
00
b1 .
#5140000
1!
1,
10
#5160000
0!
0,
00
b10 .
#5180000
1!
1,
10
#5200000
0!
0,
00
b11 .
#5220000
1!
1,
10
#5240000
0!
0,
00
b100 .
#5260000
1!
1,
10
#5280000
0!
0,
00
0-
b0 .
0#
#5300000
1!
1,
10
0M
b1111111111111111111101000001000011011001100111001100000000000000 N
b1101 P
#5320000
0!
0,
00
b1 .
#5340000
1!
1,
10
#5360000
0!
0,
00
b10 .
#5380000
1!
1,
10
#5400000
0!
0,
00
b11 .
#5420000
1!
1,
10
#5440000
0!
0,
00
b100 .
#5460000
1!
1,
10
#5480000
0!
0,
00
1-
b0 .
1#
#5500000
1!
1,
10
1M
#5520000
0!
0,
00
b1 .
#5540000
1!
1,
10
#5560000
0!
0,
00
b10 .
#5580000
1!
1,
10
#5600000
0!
0,
00
b11 .
#5620000
1!
1,
10
#5640000
0!
0,
00
b100 .
#5660000
1!
1,
10
#5680000
0!
0,
00
0-
b0 .
0#
#5700000
1!
1,
10
0M
b1111111111111111111010000010000110110011001110011000000000000000 N
b1110 P
#5720000
0!
0,
00
b1 .
#5740000
1!
1,
10
#5760000
0!
0,
00
b10 .
#5780000
1!
1,
10
#5800000
0!
0,
00
b11 .
#5820000
1!
1,
10
#5840000
0!
0,
00
b100 .
#5860000
1!
1,
10
#5880000
0!
0,
00
1-
b0 .
1#
#5900000
1!
1,
10
1M
#5920000
0!
0,
00
b1 .
#5940000
1!
1,
10
#5960000
0!
0,
00
b10 .
#5980000
1!
1,
10
#6000000
0!
0,
00
b11 .
#6020000
1!
1,
10
#6040000
0!
0,
00
b100 .
#6060000
1!
1,
10
#6080000
0!
0,
00
0-
b0 .
0#
#6100000
1!
1,
10
0M
b1111111111111111110100000100001101100110011100110000000000000000 N
b1111 P
#6120000
0!
0,
00
b1 .
#6140000
1!
1,
10
#6160000
0!
0,
00
b10 .
#6180000
1!
1,
10
#6200000
0!
0,
00
b11 .
#6220000
1!
1,
10
#6240000
0!
0,
00
b100 .
#6260000
1!
1,
10
#6280000
0!
0,
00
1-
b0 .
1#
#6300000
1!
1,
10
1M
#6320000
0!
0,
00
b1 .
#6340000
1!
1,
10
#6360000
0!
0,
00
b10 .
#6380000
1!
1,
10
#6400000
0!
0,
00
b11 .
#6420000
1!
1,
10
#6440000
0!
0,
00
b100 .
#6460000
1!
1,
10
#6480000
0!
0,
00
0-
b0 .
0#
#6500000
1!
1,
10
0M
b1111111111111111101000001000011011001100111001100000000000000000 N
b10000 P
#6520000
0!
0,
00
b1 .
#6540000
1!
1,
10
#6560000
0!
0,
00
b10 .
#6580000
1!
1,
10
#6600000
0!
0,
00
b11 .
#6620000
1!
1,
10
#6640000
0!
0,
00
b100 .
#6660000
1!
1,
10
#6680000
0!
0,
00
1-
b0 .
1#
#6700000
1!
1,
10
1M
#6720000
0!
0,
00
b1 .
#6740000
1!
1,
10
#6760000
0!
0,
00
b10 .
#6780000
1!
1,
10
#6800000
0!
0,
00
b11 .
#6820000
1!
1,
10
#6840000
0!
0,
00
b100 .
#6860000
1!
1,
10
#6880000
0!
0,
00
0-
b0 .
0#
#6900000
1!
1,
10
0M
b1111111111111111010000010000110110011001110011000000000000000000 N
b10001 P
#6920000
0!
0,
00
b1 .
#6940000
1!
1,
10
#6960000
0!
0,
00
b10 .
#6980000
1!
1,
10
#7000000
0!
0,
00
b11 .
#7020000
1!
1,
10
#7040000
0!
0,
00
b100 .
#7060000
1!
1,
10
#7080000
0!
0,
00
1-
b0 .
1#
#7100000
1!
1,
10
1M
#7120000
0!
0,
00
b1 .
#7140000
1!
1,
10
#7160000
0!
0,
00
b10 .
#7180000
1!
1,
10
#7200000
0!
0,
00
b11 .
#7220000
1!
1,
10
#7240000
0!
0,
00
b100 .
#7260000
1!
1,
10
#7280000
0!
0,
00
0-
b0 .
0#
#7300000
1!
1,
10
0M
b1111111111111110100000100001101100110011100110000000000000000000 N
b10010 P
#7320000
0!
0,
00
b1 .
#7340000
1!
1,
10
#7360000
0!
0,
00
b10 .
#7380000
1!
1,
10
#7400000
0!
0,
00
b11 .
#7420000
1!
1,
10
#7440000
0!
0,
00
b100 .
#7460000
1!
1,
10
#7480000
0!
0,
00
1-
b0 .
1#
#7500000
1!
1,
10
1M
#7520000
0!
0,
00
b1 .
#7540000
1!
1,
10
#7560000
0!
0,
00
b10 .
#7580000
1!
1,
10
#7600000
0!
0,
00
b11 .
#7620000
1!
1,
10
#7640000
0!
0,
00
b100 .
#7660000
1!
1,
10
#7680000
0!
0,
00
0-
b0 .
0#
#7700000
1!
1,
10
0M
b1111111111111101000001000011011001100111001100000000000000000000 N
b10011 P
#7720000
0!
0,
00
b1 .
#7740000
1!
1,
10
#7760000
0!
0,
00
b10 .
#7780000
1!
1,
10
#7800000
0!
0,
00
b11 .
#7820000
1!
1,
10
#7840000
0!
0,
00
b100 .
#7860000
1!
1,
10
#7880000
0!
0,
00
1-
b0 .
1#
#7900000
1!
1,
10
1M
#7920000
0!
0,
00
b1 .
#7940000
1!
1,
10
#7960000
0!
0,
00
b10 .
#7980000
1!
1,
10
#8000000
0!
0,
00
b11 .
#8020000
1!
1,
10
#8040000
0!
0,
00
b100 .
#8060000
1!
1,
10
#8080000
0!
0,
00
0-
b0 .
0#
#8100000
1!
1,
10
0M
b1111111111111010000010000110110011001110011000000000000000000000 N
b10100 P
#8120000
0!
0,
00
b1 .
#8140000
1!
1,
10
#8160000
0!
0,
00
b10 .
#8180000
1!
1,
10
#8200000
0!
0,
00
b11 .
#8220000
1!
1,
10
#8240000
0!
0,
00
b100 .
#8260000
1!
1,
10
#8280000
0!
0,
00
1-
b0 .
1#
#8300000
1!
1,
10
1M
#8320000
0!
0,
00
b1 .
#8340000
1!
1,
10
#8360000
0!
0,
00
b10 .
#8380000
1!
1,
10
#8400000
0!
0,
00
b11 .
#8420000
1!
1,
10
#8440000
0!
0,
00
b100 .
#8460000
1!
1,
10
#8480000
0!
0,
00
0-
b0 .
0#
#8500000
1!
1,
10
0M
b1111111111110100000100001101100110011100110000000000000000000000 N
b10101 P
#8520000
0!
0,
00
b1 .
#8540000
1!
1,
10
#8560000
0!
0,
00
b10 .
#8580000
1!
1,
10
#8600000
0!
0,
00
b11 .
#8620000
1!
1,
10
#8640000
0!
0,
00
b100 .
#8660000
1!
1,
10
#8680000
0!
0,
00
1-
b0 .
1#
#8700000
1!
1,
10
1M
#8720000
0!
0,
00
b1 .
#8740000
1!
1,
10
#8760000
0!
0,
00
b10 .
#8780000
1!
1,
10
#8800000
0!
0,
00
b11 .
#8820000
1!
1,
10
#8840000
0!
0,
00
b100 .
#8860000
1!
1,
10
#8880000
0!
0,
00
0-
b0 .
0#
#8900000
1!
1,
10
0M
b1111111111101000001000011011001100111001100000000000000000000000 N
b10110 P
#8920000
0!
0,
00
b1 .
#8940000
1!
1,
10
#8960000
0!
0,
00
b10 .
#8980000
1!
1,
10
#9000000
0!
0,
00
b11 .
#9020000
1!
1,
10
#9040000
0!
0,
00
b100 .
#9060000
1!
1,
10
#9080000
0!
0,
00
1-
b0 .
1#
#9100000
1!
1,
10
1M
#9120000
0!
0,
00
b1 .
#9140000
1!
1,
10
#9160000
0!
0,
00
b10 .
#9180000
1!
1,
10
#9200000
0!
0,
00
b11 .
#9220000
1!
1,
10
#9240000
0!
0,
00
b100 .
#9260000
1!
1,
10
#9280000
0!
0,
00
0-
b0 .
0#
#9300000
1!
1,
10
0M
b1111111111010000010000110110011001110011000000000000000000000000 N
b10111 P
#9320000
0!
0,
00
b1 .
#9340000
1!
1,
10
#9360000
0!
0,
00
b10 .
#9380000
1!
1,
10
#9400000
0!
0,
00
b11 .
#9420000
1!
1,
10
#9440000
0!
0,
00
b100 .
#9460000
1!
1,
10
#9480000
0!
0,
00
1-
b0 .
1#
#9500000
1!
1,
10
1M
#9520000
0!
0,
00
b1 .
#9540000
1!
1,
10
#9560000
0!
0,
00
b10 .
#9580000
1!
1,
10
#9600000
0!
0,
00
b11 .
#9620000
1!
1,
10
#9640000
0!
0,
00
b100 .
#9660000
1!
1,
10
#9680000
0!
0,
00
0-
b0 .
0#
#9700000
1!
1,
10
0M
b1111111110100000100001101100110011100110000000000000000000000000 N
b11000 P
#9720000
0!
0,
00
b1 .
#9740000
1!
1,
10
#9760000
0!
0,
00
b10 .
#9780000
1!
1,
10
#9800000
0!
0,
00
b11 .
#9820000
1!
1,
10
#9840000
0!
0,
00
b100 .
#9860000
1!
1,
10
#9880000
0!
0,
00
1-
b0 .
1#
#9900000
1!
1,
10
1M
#9920000
0!
0,
00
b1 .
#9940000
1!
1,
10
#9960000
0!
0,
00
b10 .
#9980000
1!
1,
10
#10000000
0!
0,
00
b11 .
#10020000
1!
1,
10
#10040000
0!
0,
00
b100 .
#10060000
1!
1,
10
#10080000
0!
0,
00
0-
b0 .
0#
#10100000
1!
1,
10
0M
b1111111101000001000011011001100111001100000000000000000000000000 N
b11001 P
#10120000
0!
0,
00
b1 .
#10140000
1!
1,
10
#10160000
0!
0,
00
b10 .
#10180000
1!
1,
10
#10200000
0!
0,
00
b11 .
#10220000
1!
1,
10
#10240000
0!
0,
00
b100 .
#10260000
1!
1,
10
#10280000
0!
0,
00
1-
b0 .
1#
#10300000
1!
1,
10
1M
#10320000
0!
0,
00
b1 .
#10340000
1!
1,
10
#10360000
0!
0,
00
b10 .
#10380000
1!
1,
10
#10400000
0!
0,
00
b11 .
#10420000
1!
1,
10
#10440000
0!
0,
00
b100 .
#10460000
1!
1,
10
#10480000
0!
0,
00
0-
b0 .
0#
#10500000
1!
1,
10
0M
b1111111010000010000110110011001110011000000000000000000000000000 N
b11010 P
#10520000
0!
0,
00
b1 .
#10540000
1!
1,
10
#10560000
0!
0,
00
b10 .
#10580000
1!
1,
10
#10600000
0!
0,
00
b11 .
#10620000
1!
1,
10
#10640000
0!
0,
00
b100 .
#10660000
1!
1,
10
#10680000
0!
0,
00
1-
b0 .
1#
#10700000
1!
1,
10
1M
#10720000
0!
0,
00
b1 .
#10740000
1!
1,
10
#10760000
0!
0,
00
b10 .
#10780000
1!
1,
10
#10800000
0!
0,
00
b11 .
#10820000
1!
1,
10
#10840000
0!
0,
00
b100 .
#10860000
1!
1,
10
#10880000
0!
0,
00
0-
b0 .
0#
#10900000
1!
1,
10
0M
b1111110100000100001101100110011100110000000000000000000000000000 N
b11011 P
#10920000
0!
0,
00
b1 .
#10940000
1!
1,
10
#10960000
0!
0,
00
b10 .
#10980000
1!
1,
10
#11000000
0!
0,
00
b11 .
#11020000
1!
1,
10
#11040000
0!
0,
00
b100 .
#11060000
1!
1,
10
#11080000
0!
0,
00
1-
b0 .
1#
#11100000
1!
1,
10
1M
#11120000
0!
0,
00
b1 .
#11140000
1!
1,
10
#11160000
0!
0,
00
b10 .
#11180000
1!
1,
10
#11200000
0!
0,
00
b11 .
#11220000
1!
1,
10
#11240000
0!
0,
00
b100 .
#11260000
1!
1,
10
#11280000
0!
0,
00
0-
b0 .
0#
#11300000
1!
1,
10
0M
b1111101000001000011011001100111001100000000000000000000000000000 N
b11100 P
#11320000
0!
0,
00
b1 .
#11340000
1!
1,
10
#11360000
0!
0,
00
b10 .
#11380000
1!
1,
10
#11400000
0!
0,
00
b11 .
#11420000
1!
1,
10
#11440000
0!
0,
00
b100 .
#11460000
1!
1,
10
#11480000
0!
0,
00
1-
b0 .
1#
#11500000
1!
1,
10
1M
#11520000
0!
0,
00
b1 .
#11540000
1!
1,
10
#11560000
0!
0,
00
b10 .
#11580000
1!
1,
10
#11600000
0!
0,
00
b11 .
#11620000
1!
1,
10
#11640000
0!
0,
00
b100 .
#11660000
1!
1,
10
#11680000
0!
0,
00
0-
b0 .
0#
#11700000
1!
1,
10
0M
b1111010000010000110110011001110011000000000000000000000000000000 N
b11101 P
#11720000
0!
0,
00
b1 .
#11740000
1!
1,
10
#11760000
0!
0,
00
b10 .
#11780000
1!
1,
10
#11800000
0!
0,
00
b11 .
#11820000
1!
1,
10
#11840000
0!
0,
00
b100 .
#11860000
1!
1,
10
#11880000
0!
0,
00
1-
b0 .
1#
#11900000
1!
1,
10
1M
#11920000
0!
0,
00
b1 .
#11940000
1!
1,
10
#11960000
0!
0,
00
b10 .
#11980000
1!
1,
10
#12000000
0!
0,
00
b11 .
#12020000
1!
1,
10
#12040000
0!
0,
00
b100 .
#12060000
1!
1,
10
#12080000
0!
0,
00
0-
b0 .
0#
#12100000
1!
1,
10
0M
b1110100000100001101100110011100110000000000000000000000000000000 N
b11110 P
#12120000
0!
0,
00
b1 .
#12140000
1!
1,
10
#12160000
0!
0,
00
b10 .
#12180000
1!
1,
10
#12200000
0!
0,
00
b11 .
#12220000
1!
1,
10
#12240000
0!
0,
00
b100 .
#12260000
1!
1,
10
#12280000
0!
0,
00
1-
b0 .
1#
#12300000
1!
1,
10
1M
#12320000
0!
0,
00
b1 .
#12340000
1!
1,
10
#12360000
0!
0,
00
b10 .
#12380000
1!
1,
10
#12400000
0!
0,
00
b11 .
#12420000
1!
1,
10
#12440000
0!
0,
00
b100 .
#12460000
1!
1,
10
#12480000
0!
0,
00
0-
b0 .
0#
#12500000
1!
1,
10
0M
b1101000001000011011001100111001100000000000000000000000000000000 N
b11111 P
#12520000
0!
0,
00
b1 .
#12540000
1!
1,
10
#12560000
0!
0,
00
b10 .
#12580000
1!
1,
10
#12600000
0!
0,
00
b11 .
#12620000
1!
1,
10
#12640000
0!
0,
00
b100 .
#12660000
1!
1,
10
#12680000
0!
0,
00
1-
b0 .
1#
#12700000
1!
1,
10
1M
#12720000
0!
0,
00
b1 .
#12740000
1!
1,
10
#12760000
0!
0,
00
b10 .
#12780000
1!
1,
10
#12800000
0!
0,
00
b11 .
#12820000
1!
1,
10
#12840000
0!
0,
00
b100 .
#12860000
1!
1,
10
#12880000
0!
0,
00
0-
b0 .
0#
#12900000
1!
1,
10
0M
b1010000010000110110011001110011000000000000000000000000000000000 N
b100000 P
#12920000
0!
0,
00
b1 .
#12940000
1!
1,
10
#12960000
0!
0,
00
b10 .
#12980000
1!
1,
10
#13000000
0!
0,
00
b11 .
#13020000
1!
1,
10
#13040000
0!
0,
00
b100 .
#13060000
1!
1,
10
#13080000
0!
0,
00
1-
b0 .
1#
#13100000
1!
1,
10
1M
#13120000
0!
0,
00
b1 .
#13140000
1!
1,
10
#13160000
0!
0,
00
b10 .
#13180000
1!
1,
10
#13200000
0!
0,
00
b11 .
#13220000
1!
1,
10
#13240000
0!
0,
00
b100 .
#13260000
1!
1,
10
#13280000
0!
0,
00
0-
b0 .
0#
#13300000
1!
1,
10
0M
b100000100001101100110011100110000000000000000000000000000000000 N
b100001 P
0(
#13320000
0!
0,
00
b1 .
#13340000
1!
1,
10
#13360000
0!
0,
00
b10 .
#13380000
1!
1,
10
#13400000
0!
0,
00
b11 .
#13420000
1!
1,
10
#13440000
0!
0,
00
b100 .
#13460000
1!
1,
10
#13480000
0!
0,
00
1-
b0 .
1#
#13500000
1!
1,
10
1M
#13520000
0!
0,
00
b1 .
#13540000
1!
1,
10
#13560000
0!
0,
00
b10 .
#13580000
1!
1,
10
#13600000
0!
0,
00
b11 .
#13620000
1!
1,
10
#13640000
0!
0,
00
b100 .
#13660000
1!
1,
10
#13680000
0!
0,
00
0-
b0 .
0#
#13700000
1!
1,
10
0M
b1000001000011011001100111001100000000000000000000000000000000000 N
b100010 P
1(
#13720000
0!
0,
00
b1 .
#13740000
1!
1,
10
#13760000
0!
0,
00
b10 .
#13780000
1!
1,
10
#13800000
0!
0,
00
b11 .
#13820000
1!
1,
10
#13840000
0!
0,
00
b100 .
#13860000
1!
1,
10
#13880000
0!
0,
00
1-
b0 .
1#
#13900000
1!
1,
10
1M
#13920000
0!
0,
00
b1 .
#13940000
1!
1,
10
#13960000
0!
0,
00
b10 .
#13980000
1!
1,
10
#14000000
0!
0,
00
b11 .
#14020000
1!
1,
10
#14040000
0!
0,
00
b100 .
#14060000
1!
1,
10
#14080000
0!
0,
00
0-
b0 .
0#
#14100000
1!
1,
10
0M
b10000110110011001110011000000000000000000000000000000000000 N
b100011 P
0(
#14120000
0!
0,
00
b1 .
#14140000
1!
1,
10
#14160000
0!
0,
00
b10 .
#14180000
1!
1,
10
#14200000
0!
0,
00
b11 .
#14220000
1!
1,
10
#14240000
0!
0,
00
b100 .
#14260000
1!
1,
10
#14280000
0!
0,
00
1-
b0 .
1#
#14300000
1!
1,
10
1M
#14320000
0!
0,
00
b1 .
#14340000
1!
1,
10
#14360000
0!
0,
00
b10 .
#14380000
1!
1,
10
#14400000
0!
0,
00
b11 .
#14420000
1!
1,
10
#14440000
0!
0,
00
b100 .
#14460000
1!
1,
10
#14480000
0!
0,
00
0-
b0 .
0#
#14500000
1!
1,
10
0M
b100001101100110011100110000000000000000000000000000000000000 N
b100100 P
#14520000
0!
0,
00
b1 .
#14540000
1!
1,
10
#14560000
0!
0,
00
b10 .
#14580000
1!
1,
10
#14600000
0!
0,
00
b11 .
#14620000
1!
1,
10
#14640000
0!
0,
00
b100 .
#14660000
1!
1,
10
#14680000
0!
0,
00
1-
b0 .
1#
#14700000
1!
1,
10
1M
#14720000
0!
0,
00
b1 .
#14740000
1!
1,
10
#14760000
0!
0,
00
b10 .
#14780000
1!
1,
10
#14800000
0!
0,
00
b11 .
#14820000
1!
1,
10
#14840000
0!
0,
00
b100 .
#14860000
1!
1,
10
#14880000
0!
0,
00
0-
b0 .
0#
#14900000
1!
1,
10
0M
b1000011011001100111001100000000000000000000000000000000000000 N
b100101 P
#14920000
0!
0,
00
b1 .
#14940000
1!
1,
10
#14960000
0!
0,
00
b10 .
#14980000
1!
1,
10
#15000000
0!
0,
00
b11 .
#15020000
1!
1,
10
#15040000
0!
0,
00
b100 .
#15060000
1!
1,
10
#15080000
0!
0,
00
1-
b0 .
1#
#15100000
1!
1,
10
1M
#15120000
0!
0,
00
b1 .
#15140000
1!
1,
10
#15160000
0!
0,
00
b10 .
#15180000
1!
1,
10
#15200000
0!
0,
00
b11 .
#15220000
1!
1,
10
#15240000
0!
0,
00
b100 .
#15260000
1!
1,
10
#15280000
0!
0,
00
0-
b0 .
0#
#15300000
1!
1,
10
0M
b10000110110011001110011000000000000000000000000000000000000000 N
b100110 P
#15320000
0!
0,
00
b1 .
#15340000
1!
1,
10
#15360000
0!
0,
00
b10 .
#15380000
1!
1,
10
#15400000
0!
0,
00
b11 .
#15420000
1!
1,
10
#15440000
0!
0,
00
b100 .
#15460000
1!
1,
10
#15480000
0!
0,
00
1-
b0 .
1#
#15500000
1!
1,
10
1M
#15520000
0!
0,
00
b1 .
#15540000
1!
1,
10
#15560000
0!
0,
00
b10 .
#15580000
1!
1,
10
#15600000
0!
0,
00
b11 .
#15620000
1!
1,
10
#15640000
0!
0,
00
b100 .
#15660000
1!
1,
10
#15680000
0!
0,
00
0-
b0 .
0#
#15700000
1!
1,
10
0M
b100001101100110011100110000000000000000000000000000000000000000 N
b100111 P
#15720000
0!
0,
00
b1 .
#15740000
1!
1,
10
#15760000
0!
0,
00
b10 .
#15780000
1!
1,
10
#15800000
0!
0,
00
b11 .
#15820000
1!
1,
10
#15840000
0!
0,
00
b100 .
#15860000
1!
1,
10
#15880000
0!
0,
00
1-
b0 .
1#
#15900000
1!
1,
10
1M
#15920000
0!
0,
00
b1 .
#15940000
1!
1,
10
#15960000
0!
0,
00
b10 .
#15980000
1!
1,
10
#16000000
0!
0,
00
b11 .
#16020000
1!
1,
10
#16040000
0!
0,
00
b100 .
#16060000
1!
1,
10
#16080000
0!
0,
00
0-
b0 .
0#
#16100000
1!
1,
10
0M
b1000011011001100111001100000000000000000000000000000000000000000 N
b101000 P
1(
#16120000
0!
0,
00
b1 .
#16140000
1!
1,
10
#16160000
0!
0,
00
b10 .
#16180000
1!
1,
10
#16200000
0!
0,
00
b11 .
#16220000
1!
1,
10
#16240000
0!
0,
00
b100 .
#16260000
1!
1,
10
#16280000
0!
0,
00
1-
b0 .
1#
#16300000
1!
1,
10
1M
#16320000
0!
0,
00
b1 .
#16340000
1!
1,
10
#16360000
0!
0,
00
b10 .
#16380000
1!
1,
10
#16400000
0!
0,
00
b11 .
#16420000
1!
1,
10
#16440000
0!
0,
00
b100 .
#16460000
1!
1,
10
#16480000
0!
0,
00
0-
b0 .
0#
#16500000
1!
1,
10
0M
b110110011001110011000000000000000000000000000000000000000000 N
b101001 P
0(
#16520000
0!
0,
00
b1 .
#16540000
1!
1,
10
#16560000
0!
0,
00
b10 .
#16580000
1!
1,
10
#16600000
0!
0,
00
b11 .
#16620000
1!
1,
10
#16640000
0!
0,
00
b100 .
#16660000
1!
1,
10
#16680000
0!
0,
00
1-
b0 .
1#
#16700000
1!
1,
10
1M
#16720000
0!
0,
00
b1 .
#16740000
1!
1,
10
#16760000
0!
0,
00
b10 .
#16780000
1!
1,
10
#16800000
0!
0,
00
b11 .
#16820000
1!
1,
10
#16840000
0!
0,
00
b100 .
#16860000
1!
1,
10
#16880000
0!
0,
00
0-
b0 .
0#
#16900000
1!
1,
10
0M
b1101100110011100110000000000000000000000000000000000000000000 N
b101010 P
#16920000
0!
0,
00
b1 .
#16940000
1!
1,
10
#16960000
0!
0,
00
b10 .
#16980000
1!
1,
10
#17000000
0!
0,
00
b11 .
#17020000
1!
1,
10
#17040000
0!
0,
00
b100 .
#17060000
1!
1,
10
#17080000
0!
0,
00
1-
b0 .
1#
#17100000
1!
1,
10
1M
#17120000
0!
0,
00
b1 .
#17140000
1!
1,
10
#17160000
0!
0,
00
b10 .
#17180000
1!
1,
10
#17200000
0!
0,
00
b11 .
#17220000
1!
1,
10
#17240000
0!
0,
00
b100 .
#17260000
1!
1,
10
#17280000
0!
0,
00
0-
b0 .
0#
#17300000
1!
1,
10
0M
b11011001100111001100000000000000000000000000000000000000000000 N
b101011 P
#17320000
0!
0,
00
b1 .
#17340000
1!
1,
10
#17360000
0!
0,
00
b10 .
#17380000
1!
1,
10
#17400000
0!
0,
00
b11 .
#17420000
1!
1,
10
#17440000
0!
0,
00
b100 .
#17460000
1!
1,
10
#17480000
0!
0,
00
1-
b0 .
1#
#17500000
1!
1,
10
1M
#17520000
0!
0,
00
b1 .
#17540000
1!
1,
10
#17560000
0!
0,
00
b10 .
#17580000
1!
1,
10
#17600000
0!
0,
00
b11 .
#17620000
1!
1,
10
#17640000
0!
0,
00
b100 .
#17660000
1!
1,
10
#17680000
0!
0,
00
0-
b0 .
0#
#17700000
1!
1,
10
0M
b110110011001110011000000000000000000000000000000000000000000000 N
b101100 P
#17720000
0!
0,
00
b1 .
#17740000
1!
1,
10
#17760000
0!
0,
00
b10 .
#17780000
1!
1,
10
#17800000
0!
0,
00
b11 .
#17820000
1!
1,
10
#17840000
0!
0,
00
b100 .
#17860000
1!
1,
10
#17880000
0!
0,
00
1-
b0 .
1#
#17900000
1!
1,
10
1M
#17920000
0!
0,
00
b1 .
#17940000
1!
1,
10
#17960000
0!
0,
00
b10 .
#17980000
1!
1,
10
#18000000
0!
0,
00
b11 .
#18020000
1!
1,
10
#18040000
0!
0,
00
b100 .
#18060000
1!
1,
10
#18080000
0!
0,
00
0-
b0 .
0#
#18100000
1!
1,
10
0M
b1101100110011100110000000000000000000000000000000000000000000000 N
b101101 P
1(
#18120000
0!
0,
00
b1 .
#18140000
1!
1,
10
#18160000
0!
0,
00
b10 .
#18180000
1!
1,
10
#18200000
0!
0,
00
b11 .
#18220000
1!
1,
10
#18240000
0!
0,
00
b100 .
#18260000
1!
1,
10
#18280000
0!
0,
00
1-
b0 .
1#
#18300000
1!
1,
10
1M
#18320000
0!
0,
00
b1 .
#18340000
1!
1,
10
#18360000
0!
0,
00
b10 .
#18380000
1!
1,
10
#18400000
0!
0,
00
b11 .
#18420000
1!
1,
10
#18440000
0!
0,
00
b100 .
#18460000
1!
1,
10
#18480000
0!
0,
00
0-
b0 .
0#
#18500000
1!
1,
10
0M
b1011001100111001100000000000000000000000000000000000000000000000 N
b101110 P
#18520000
0!
0,
00
b1 .
#18540000
1!
1,
10
#18560000
0!
0,
00
b10 .
#18580000
1!
1,
10
#18600000
0!
0,
00
b11 .
#18620000
1!
1,
10
#18640000
0!
0,
00
b100 .
#18660000
1!
1,
10
#18680000
0!
0,
00
1-
b0 .
1#
#18700000
1!
1,
10
1M
#18720000
0!
0,
00
b1 .
#18740000
1!
1,
10
#18760000
0!
0,
00
b10 .
#18780000
1!
1,
10
#18800000
0!
0,
00
b11 .
#18820000
1!
1,
10
#18840000
0!
0,
00
b100 .
#18860000
1!
1,
10
#18880000
0!
0,
00
0-
b0 .
0#
#18900000
1!
1,
10
0M
b110011001110011000000000000000000000000000000000000000000000000 N
b101111 P
0(
#18920000
0!
0,
00
b1 .
#18940000
1!
1,
10
#18960000
0!
0,
00
b10 .
#18980000
1!
1,
10
#19000000
0!
0,
00
b11 .
#19020000
1!
1,
10
#19040000
0!
0,
00
b100 .
#19060000
1!
1,
10
#19080000
0!
0,
00
1-
b0 .
1#
#19100000
1!
1,
10
1M
#19120000
0!
0,
00
b1 .
#19140000
1!
1,
10
#19160000
0!
0,
00
b10 .
#19180000
1!
1,
10
#19200000
0!
0,
00
b11 .
#19220000
1!
1,
10
#19240000
0!
0,
00
b100 .
#19260000
1!
1,
10
#19280000
0!
0,
00
0-
b0 .
0#
#19300000
1!
1,
10
0M
b1100110011100110000000000000000000000000000000000000000000000000 N
b110000 P
1(
#19320000
0!
0,
00
b1 .
#19340000
1!
1,
10
#19360000
0!
0,
00
b10 .
#19380000
1!
1,
10
#19400000
0!
0,
00
b11 .
#19420000
1!
1,
10
#19440000
0!
0,
00
b100 .
#19460000
1!
1,
10
#19480000
0!
0,
00
1-
b0 .
1#
#19500000
1!
1,
10
1M
#19520000
0!
0,
00
b1 .
#19540000
1!
1,
10
#19560000
0!
0,
00
b10 .
#19580000
1!
1,
10
#19600000
0!
0,
00
b11 .
#19620000
1!
1,
10
#19640000
0!
0,
00
b100 .
#19660000
1!
1,
10
#19680000
0!
0,
00
0-
b0 .
0#
#19700000
1!
1,
10
0M
b1001100111001100000000000000000000000000000000000000000000000000 N
b110001 P
#19720000
0!
0,
00
b1 .
#19740000
1!
1,
10
#19760000
0!
0,
00
b10 .
#19780000
1!
1,
10
#19800000
0!
0,
00
b11 .
#19820000
1!
1,
10
#19840000
0!
0,
00
b100 .
#19860000
1!
1,
10
#19880000
0!
0,
00
1-
b0 .
1#
#19900000
1!
1,
10
1M
#19920000
0!
0,
00
b1 .
#19940000
1!
1,
10
#19960000
0!
0,
00
b10 .
#19980000
1!
1,
10
#20000000
0!
0,
00
b11 .
#20020000
1!
1,
10
#20040000
0!
0,
00
b100 .
#20060000
1!
1,
10
#20080000
0!
0,
00
0-
b0 .
0#
#20100000
1!
1,
10
0M
b11001110011000000000000000000000000000000000000000000000000000 N
b110010 P
0(
#20120000
0!
0,
00
b1 .
#20140000
1!
1,
10
#20160000
0!
0,
00
b10 .
#20180000
1!
1,
10
#20200000
0!
0,
00
b11 .
#20220000
1!
1,
10
#20240000
0!
0,
00
b100 .
#20260000
1!
1,
10
#20280000
0!
0,
00
1-
b0 .
1#
#20300000
1!
1,
10
1M
#20320000
0!
0,
00
b1 .
#20340000
1!
1,
10
#20360000
0!
0,
00
b10 .
#20380000
1!
1,
10
#20400000
0!
0,
00
b11 .
#20420000
1!
1,
10
#20440000
0!
0,
00
b100 .
#20460000
1!
1,
10
#20480000
0!
0,
00
0-
b0 .
0#
#20500000
1!
1,
10
0M
b110011100110000000000000000000000000000000000000000000000000000 N
b110011 P
#20520000
0!
0,
00
b1 .
#20540000
1!
1,
10
#20560000
0!
0,
00
b10 .
#20580000
1!
1,
10
#20600000
0!
0,
00
b11 .
#20620000
1!
1,
10
#20640000
0!
0,
00
b100 .
#20660000
1!
1,
10
#20680000
0!
0,
00
1-
b0 .
1#
#20700000
1!
1,
10
1M
#20720000
0!
0,
00
b1 .
#20740000
1!
1,
10
#20760000
0!
0,
00
b10 .
#20780000
1!
1,
10
#20800000
0!
0,
00
b11 .
#20820000
1!
1,
10
#20840000
0!
0,
00
b100 .
#20860000
1!
1,
10
#20880000
0!
0,
00
0-
b0 .
0#
#20900000
1!
1,
10
0M
b1100111001100000000000000000000000000000000000000000000000000000 N
b110100 P
1(
#20920000
0!
0,
00
b1 .
#20940000
1!
1,
10
#20960000
0!
0,
00
b10 .
#20980000
1!
1,
10
#21000000
0!
0,
00
b11 .
#21020000
1!
1,
10
#21040000
0!
0,
00
b100 .
#21060000
1!
1,
10
#21080000
0!
0,
00
1-
b0 .
1#
#21100000
1!
1,
10
1M
#21120000
0!
0,
00
b1 .
#21140000
1!
1,
10
#21160000
0!
0,
00
b10 .
#21180000
1!
1,
10
#21200000
0!
0,
00
b11 .
#21220000
1!
1,
10
#21240000
0!
0,
00
b100 .
#21260000
1!
1,
10
#21280000
0!
0,
00
0-
b0 .
0#
#21300000
1!
1,
10
0M
b1001110011000000000000000000000000000000000000000000000000000000 N
b110101 P
#21320000
0!
0,
00
b1 .
#21340000
1!
1,
10
#21360000
0!
0,
00
b10 .
#21380000
1!
1,
10
#21400000
0!
0,
00
b11 .
#21420000
1!
1,
10
#21440000
0!
0,
00
b100 .
#21460000
1!
1,
10
#21480000
0!
0,
00
1-
b0 .
1#
#21500000
1!
1,
10
1M
#21520000
0!
0,
00
b1 .
#21540000
1!
1,
10
#21560000
0!
0,
00
b10 .
#21580000
1!
1,
10
#21600000
0!
0,
00
b11 .
#21620000
1!
1,
10
#21640000
0!
0,
00
b100 .
#21660000
1!
1,
10
#21680000
0!
0,
00
0-
b0 .
0#
#21700000
1!
1,
10
0M
b11100110000000000000000000000000000000000000000000000000000000 N
b110110 P
0(
#21720000
0!
0,
00
b1 .
#21740000
1!
1,
10
#21760000
0!
0,
00
b10 .
#21780000
1!
1,
10
#21800000
0!
0,
00
b11 .
#21820000
1!
1,
10
#21840000
0!
0,
00
b100 .
#21860000
1!
1,
10
#21880000
0!
0,
00
1-
b0 .
1#
#21900000
1!
1,
10
1M
#21920000
0!
0,
00
b1 .
#21940000
1!
1,
10
#21960000
0!
0,
00
b10 .
#21980000
1!
1,
10
#22000000
0!
0,
00
b11 .
#22020000
1!
1,
10
#22040000
0!
0,
00
b100 .
#22060000
1!
1,
10
#22080000
0!
0,
00
0-
b0 .
0#
#22100000
1!
1,
10
0M
b111001100000000000000000000000000000000000000000000000000000000 N
b110111 P
#22120000
0!
0,
00
b1 .
#22140000
1!
1,
10
#22160000
0!
0,
00
b10 .
#22180000
1!
1,
10
#22200000
0!
0,
00
b11 .
#22220000
1!
1,
10
#22240000
0!
0,
00
b100 .
#22260000
1!
1,
10
#22280000
0!
0,
00
1-
b0 .
1#
#22300000
1!
1,
10
1M
#22320000
0!
0,
00
b1 .
#22340000
1!
1,
10
#22360000
0!
0,
00
b10 .
#22380000
1!
1,
10
#22400000
0!
0,
00
b11 .
#22420000
1!
1,
10
#22440000
0!
0,
00
b100 .
#22460000
1!
1,
10
#22480000
0!
0,
00
0-
b0 .
0#
#22500000
1!
1,
10
0M
b1110011000000000000000000000000000000000000000000000000000000000 N
b111000 P
1(
#22520000
0!
0,
00
b1 .
#22540000
1!
1,
10
#22560000
0!
0,
00
b10 .
#22580000
1!
1,
10
#22600000
0!
0,
00
b11 .
#22620000
1!
1,
10
#22640000
0!
0,
00
b100 .
#22660000
1!
1,
10
#22680000
0!
0,
00
1-
b0 .
1#
#22700000
1!
1,
10
1M
#22720000
0!
0,
00
b1 .
#22740000
1!
1,
10
#22760000
0!
0,
00
b10 .
#22780000
1!
1,
10
#22800000
0!
0,
00
b11 .
#22820000
1!
1,
10
#22840000
0!
0,
00
b100 .
#22860000
1!
1,
10
#22880000
0!
0,
00
0-
b0 .
0#
#22900000
1!
1,
10
0M
b1100110000000000000000000000000000000000000000000000000000000000 N
b111001 P
#22920000
0!
0,
00
b1 .
#22940000
1!
1,
10
#22960000
0!
0,
00
b10 .
#22980000
1!
1,
10
#23000000
0!
0,
00
b11 .
#23020000
1!
1,
10
#23040000
0!
0,
00
b100 .
#23060000
1!
1,
10
#23080000
0!
0,
00
1-
b0 .
1#
#23100000
1!
1,
10
1M
#23120000
0!
0,
00
b1 .
#23140000
1!
1,
10
#23160000
0!
0,
00
b10 .
#23180000
1!
1,
10
#23200000
0!
0,
00
b11 .
#23220000
1!
1,
10
#23240000
0!
0,
00
b100 .
#23260000
1!
1,
10
#23280000
0!
0,
00
0-
b0 .
0#
#23300000
1!
1,
10
0M
b1001100000000000000000000000000000000000000000000000000000000000 N
b111010 P
#23320000
0!
0,
00
b1 .
#23340000
1!
1,
10
#23360000
0!
0,
00
b10 .
#23380000
1!
1,
10
#23400000
0!
0,
00
b11 .
#23420000
1!
1,
10
#23440000
0!
0,
00
b100 .
#23460000
1!
1,
10
#23480000
0!
0,
00
1-
b0 .
1#
#23500000
1!
1,
10
1M
#23520000
0!
0,
00
b1 .
#23540000
1!
1,
10
#23560000
0!
0,
00
b10 .
#23580000
1!
1,
10
#23600000
0!
0,
00
b11 .
#23620000
1!
1,
10
#23640000
0!
0,
00
b100 .
#23660000
1!
1,
10
#23680000
0!
0,
00
0-
b0 .
0#
#23700000
1!
1,
10
0M
b11000000000000000000000000000000000000000000000000000000000000 N
b111011 P
0(
#23720000
0!
0,
00
b1 .
#23740000
1!
1,
10
#23760000
0!
0,
00
b10 .
#23780000
1!
1,
10
#23800000
0!
0,
00
b11 .
#23820000
1!
1,
10
#23840000
0!
0,
00
b100 .
#23860000
1!
1,
10
#23880000
0!
0,
00
1-
b0 .
1#
#23900000
1!
1,
10
1M
#23920000
0!
0,
00
b1 .
#23940000
1!
1,
10
#23960000
0!
0,
00
b10 .
#23980000
1!
1,
10
#24000000
0!
0,
00
b11 .
#24020000
1!
1,
10
#24040000
0!
0,
00
b100 .
#24060000
1!
1,
10
#24080000
0!
0,
00
0-
b0 .
0#
#24100000
1!
1,
10
0M
b110000000000000000000000000000000000000000000000000000000000000 N
b111100 P
#24120000
0!
0,
00
b1 .
#24140000
1!
1,
10
#24160000
0!
0,
00
b10 .
#24180000
1!
1,
10
#24200000
0!
0,
00
b11 .
#24220000
1!
1,
10
#24240000
0!
0,
00
b100 .
#24260000
1!
1,
10
#24280000
0!
0,
00
1-
b0 .
1#
#24300000
1!
1,
10
1M
#24320000
0!
0,
00
b1 .
#24340000
1!
1,
10
#24360000
0!
0,
00
b10 .
#24380000
1!
1,
10
#24400000
0!
0,
00
b11 .
#24420000
1!
1,
10
#24440000
0!
0,
00
b100 .
#24460000
1!
1,
10
#24480000
0!
0,
00
0-
b0 .
0#
#24500000
1!
1,
10
0M
b1100000000000000000000000000000000000000000000000000000000000000 N
b111101 P
1(
#24520000
0!
0,
00
b1 .
#24540000
1!
1,
10
#24560000
0!
0,
00
b10 .
#24580000
1!
1,
10
#24600000
0!
0,
00
b11 .
#24620000
1!
1,
10
#24640000
0!
0,
00
b100 .
#24660000
1!
1,
10
#24680000
0!
0,
00
1-
b0 .
1#
#24700000
1!
1,
10
1M
#24720000
0!
0,
00
b1 .
#24740000
1!
1,
10
#24760000
0!
0,
00
b10 .
#24780000
1!
1,
10
#24800000
0!
0,
00
b11 .
#24820000
1!
1,
10
#24840000
0!
0,
00
b100 .
#24860000
1!
1,
10
#24880000
0!
0,
00
0-
b0 .
0#
#24900000
1!
1,
10
0M
b1000000000000000000000000000000000000000000000000000000000000000 N
b111110 P
#24920000
0!
0,
00
b1 .
#24940000
1!
1,
10
#24960000
0!
0,
00
b10 .
#24980000
1!
1,
10
#25000000
0!
0,
00
b11 .
#25020000
1!
1,
10
#25040000
0!
0,
00
b100 .
#25060000
1!
1,
10
#25080000
0!
0,
00
1-
b0 .
1#
#25100000
1!
1,
10
1M
#25120000
0!
0,
00
b1 .
#25140000
1!
1,
10
#25160000
0!
0,
00
b10 .
#25180000
1!
1,
10
#25200000
0!
0,
00
b11 .
#25220000
1!
1,
10
#25240000
0!
0,
00
b100 .
#25260000
1!
1,
10
#25280000
0!
0,
00
0-
b0 .
0#
#25300000
1!
1,
10
0M
b0 N
b111111 P
0(
#25320000
0!
0,
00
b1 .
#25340000
1!
1,
10
#25360000
0!
0,
00
b10 .
#25380000
1!
1,
10
#25400000
0!
0,
00
b11 .
#25420000
1!
1,
10
#25440000
0!
0,
00
b100 .
#25460000
1!
1,
10
#25480000
0!
0,
00
1-
b0 .
1#
#25500000
1!
1,
10
1M
#25520000
0!
0,
00
b1 .
#25540000
1!
1,
10
#25560000
0!
0,
00
b10 .
#25580000
1!
1,
10
#25600000
0!
0,
00
b11 .
#25620000
1!
1,
10
#25640000
0!
0,
00
b100 .
#25660000
1!
1,
10
#25680000
0!
0,
00
0-
b0 .
0#
#25700000
1!
1,
10
0M
b1000000 P
#25720000
0!
0,
00
b1 .
#25740000
1!
1,
10
b0 P
b1111111111111111111111111111111110100000100001101100110011100110 N
1(
#25760000
0!
0,
00
b10 .
#25780000
1!
1,
10
#25800000
0!
0,
00
b11 .
#25820000
1!
1,
10
#25840000
0!
0,
00
b100 .
#25860000
1!
1,
10
#25880000
0!
0,
00
1-
b0 .
1#
#25900000
1!
1,
10
1M
#25920000
0!
0,
00
b1 .
#25940000
1!
1,
10
#25960000
0!
0,
00
b10 .
#25980000
1!
1,
10
#26000000
0!
0,
00
b11 .
#26020000
1!
1,
10
#26040000
0!
0,
00
b100 .
#26060000
1!
1,
10
#26080000
0!
0,
00
0-
b0 .
0#
#26100000
1!
1,
10
0M
b1111111111111111111111111111111101000001000011011001100111001100 N
b1 P
#26120000
0!
0,
00
b1 .
#26140000
1!
1,
10
#26160000
0!
0,
00
b10 .
#26180000
1!
1,
10
#26200000
0!
0,
00
b11 .
#26220000
1!
1,
10
#26240000
0!
0,
00
b100 .
#26260000
1!
1,
10
#26280000
0!
0,
00
1-
b0 .
1#
#26300000
1!
1,
10
1M
#26320000
0!
0,
00
b1 .
#26340000
1!
1,
10
#26360000
0!
0,
00
b10 .
#26380000
1!
1,
10
#26400000
0!
0,
00
b11 .
#26420000
1!
1,
10
#26440000
0!
0,
00
b100 .
#26460000
1!
1,
10
#26480000
0!
0,
00
0-
b0 .
0#
#26500000
1!
1,
10
0M
b1111111111111111111111111111111010000010000110110011001110011000 N
b10 P
#26520000
0!
0,
00
b1 .
#26540000
1!
1,
10
#26560000
0!
0,
00
b10 .
#26580000
1!
1,
10
#26600000
0!
0,
00
b11 .
#26620000
1!
1,
10
#26640000
0!
0,
00
b100 .
#26660000
1!
1,
10
#26680000
0!
0,
00
1-
b0 .
1#
#26700000
1!
1,
10
1M
#26720000
0!
0,
00
b1 .
#26740000
1!
1,
10
#26760000
0!
0,
00
b10 .
#26780000
1!
1,
10
#26800000
0!
0,
00
b11 .
#26820000
1!
1,
10
#26840000
0!
0,
00
b100 .
#26860000
1!
1,
10
#26880000
0!
0,
00
0-
b0 .
0#
#26900000
1!
1,
10
0M
b1111111111111111111111111111110100000100001101100110011100110000 N
b11 P
#26920000
0!
0,
00
b1 .
#26940000
1!
1,
10
#26960000
0!
0,
00
b10 .
#26980000
1!
1,
10
#27000000
0!
0,
00
b11 .
#27020000
1!
1,
10
#27040000
0!
0,
00
b100 .
#27060000
1!
1,
10
#27080000
0!
0,
00
1-
b0 .
1#
#27100000
1!
1,
10
1M
#27120000
0!
0,
00
b1 .
#27140000
1!
1,
10
#27160000
0!
0,
00
b10 .
#27180000
1!
1,
10
#27200000
0!
0,
00
b11 .
#27220000
1!
1,
10
#27240000
0!
0,
00
b100 .
#27260000
1!
1,
10
#27280000
0!
0,
00
0-
b0 .
0#
#27300000
1!
1,
10
0M
b1111111111111111111111111111101000001000011011001100111001100000 N
b100 P
#27320000
0!
0,
00
b1 .
#27340000
1!
1,
10
#27360000
0!
0,
00
b10 .
#27380000
1!
1,
10
#27400000
0!
0,
00
b11 .
#27420000
1!
1,
10
#27440000
0!
0,
00
b100 .
#27460000
1!
1,
10
#27480000
0!
0,
00
1-
b0 .
1#
#27500000
1!
1,
10
1M
#27520000
0!
0,
00
b1 .
#27540000
1!
1,
10
#27560000
0!
0,
00
b10 .
#27580000
1!
1,
10
#27600000
0!
0,
00
b11 .
#27620000
1!
1,
10
#27640000
0!
0,
00
b100 .
#27660000
1!
1,
10
#27680000
0!
0,
00
0-
b0 .
0#
#27700000
1!
1,
10
0M
b1111111111111111111111111111010000010000110110011001110011000000 N
b101 P
#27720000
0!
0,
00
b1 .
#27740000
1!
1,
10
#27760000
0!
0,
00
b10 .
#27780000
1!
1,
10
#27800000
0!
0,
00
b11 .
#27820000
1!
1,
10
#27840000
0!
0,
00
b100 .
#27860000
1!
1,
10
#27880000
0!
0,
00
1-
b0 .
1#
#27900000
1!
1,
10
1M
#27920000
0!
0,
00
b1 .
#27940000
1!
1,
10
#27960000
0!
0,
00
b10 .
#27980000
1!
1,
10
#28000000
0!
0,
00
b11 .
#28020000
1!
1,
10
#28040000
0!
0,
00
b100 .
#28060000
1!
1,
10
#28080000
0!
0,
00
0-
b0 .
0#
#28100000
1!
1,
10
0M
b1111111111111111111111111110100000100001101100110011100110000000 N
b110 P
#28120000
0!
0,
00
b1 .
#28140000
1!
1,
10
#28160000
0!
0,
00
b10 .
#28180000
1!
1,
10
#28200000
0!
0,
00
b11 .
#28220000
1!
1,
10
#28240000
0!
0,
00
b100 .
#28260000
1!
1,
10
#28280000
0!
0,
00
1-
b0 .
1#
#28300000
1!
1,
10
1M
#28320000
0!
0,
00
b1 .
#28340000
1!
1,
10
#28360000
0!
0,
00
b10 .
#28380000
1!
1,
10
#28400000
0!
0,
00
b11 .
#28420000
1!
1,
10
#28440000
0!
0,
00
b100 .
#28460000
1!
1,
10
#28480000
0!
0,
00
0-
b0 .
0#
#28500000
1!
1,
10
0M
b1111111111111111111111111101000001000011011001100111001100000000 N
b111 P
#28520000
0!
0,
00
b1 .
#28540000
1!
1,
10
#28560000
0!
0,
00
b10 .
#28580000
1!
1,
10
#28600000
0!
0,
00
b11 .
#28620000
1!
1,
10
#28640000
0!
0,
00
b100 .
#28660000
1!
1,
10
#28680000
0!
0,
00
1-
b0 .
1#
#28700000
1!
1,
10
1M
#28720000
0!
0,
00
b1 .
#28740000
1!
1,
10
#28760000
0!
0,
00
b10 .
#28780000
1!
1,
10
#28800000
0!
0,
00
b11 .
#28820000
1!
1,
10
#28840000
0!
0,
00
b100 .
#28860000
1!
1,
10
#28880000
0!
0,
00
0-
b0 .
0#
#28900000
1!
1,
10
0M
b1111111111111111111111111010000010000110110011001110011000000000 N
b1000 P
#28920000
0!
0,
00
b1 .
#28940000
1!
1,
10
#28960000
0!
0,
00
b10 .
#28980000
1!
1,
10
#29000000
0!
0,
00
b11 .
#29020000
1!
1,
10
#29040000
0!
0,
00
b100 .
#29060000
1!
1,
10
#29080000
0!
0,
00
1-
b0 .
1#
#29100000
1!
1,
10
1M
#29120000
0!
0,
00
b1 .
#29140000
1!
1,
10
#29160000
0!
0,
00
b10 .
#29180000
1!
1,
10
#29200000
0!
0,
00
b11 .
#29220000
1!
1,
10
#29240000
0!
0,
00
b100 .
#29260000
1!
1,
10
#29280000
0!
0,
00
0-
b0 .
0#
#29300000
1!
1,
10
0M
b1111111111111111111111110100000100001101100110011100110000000000 N
b1001 P
#29320000
0!
0,
00
b1 .
#29340000
1!
1,
10
#29360000
0!
0,
00
b10 .
#29380000
1!
1,
10
#29400000
0!
0,
00
b11 .
#29420000
1!
1,
10
#29440000
0!
0,
00
b100 .
#29460000
1!
1,
10
#29480000
0!
0,
00
1-
b0 .
1#
#29500000
1!
1,
10
1M
#29520000
0!
0,
00
b1 .
#29540000
1!
1,
10
#29560000
0!
0,
00
b10 .
#29580000
1!
1,
10
#29600000
0!
0,
00
b11 .
#29620000
1!
1,
10
#29640000
0!
0,
00
b100 .
#29660000
1!
1,
10
#29680000
0!
0,
00
0-
b0 .
0#
#29700000
1!
1,
10
0M
b1111111111111111111111101000001000011011001100111001100000000000 N
b1010 P
#29720000
0!
0,
00
b1 .
#29740000
1!
1,
10
#29760000
0!
0,
00
b10 .
#29780000
1!
1,
10
#29800000
0!
0,
00
b11 .
#29820000
1!
1,
10
#29840000
0!
0,
00
b100 .
#29860000
1!
1,
10
#29880000
0!
0,
00
1-
b0 .
1#
#29900000
1!
1,
10
1M
#29920000
0!
0,
00
b1 .
#29940000
1!
1,
10
#29960000
0!
0,
00
b10 .
#29980000
1!
1,
10
#30000000
0!
0,
00
b11 .
#30020000
1!
1,
10
#30040000
0!
0,
00
b100 .
#30060000
1!
1,
10
#30080000
0!
0,
00
0-
b0 .
0#
#30100000
1!
1,
10
0M
b1111111111111111111111010000010000110110011001110011000000000000 N
b1011 P
#30120000
0!
0,
00
b1 .
#30140000
1!
1,
10
#30160000
0!
0,
00
b10 .
#30180000
1!
1,
10
#30200000
0!
0,
00
b11 .
#30220000
1!
1,
10
#30240000
0!
0,
00
b100 .
#30260000
1!
1,
10
#30280000
0!
0,
00
1-
b0 .
1#
#30300000
1!
1,
10
1M
#30320000
0!
0,
00
b1 .
#30340000
1!
1,
10
#30360000
0!
0,
00
b10 .
#30380000
1!
1,
10
#30400000
0!
0,
00
b11 .
#30420000
1!
1,
10
#30440000
0!
0,
00
b100 .
#30460000
1!
1,
10
#30480000
0!
0,
00
0-
b0 .
0#
#30500000
1!
1,
10
0M
b1111111111111111111110100000100001101100110011100110000000000000 N
b1100 P
#30520000
0!
0,
00
b1 .
#30540000
1!
1,
10
#30560000
0!
0,
00
b10 .
#30580000
1!
1,
10
#30600000
0!
0,
00
b11 .
#30620000
1!
1,
10
#30640000
0!
0,
00
b100 .
#30660000
1!
1,
10
#30680000
0!
0,
00
1-
b0 .
1#
#30700000
1!
1,
10
1M
#30720000
0!
0,
00
b1 .
#30740000
1!
1,
10
#30760000
0!
0,
00
b10 .
#30780000
1!
1,
10
#30800000
0!
0,
00
b11 .
#30820000
1!
1,
10
#30840000
0!
0,
00
b100 .
#30860000
1!
1,
10
#30880000
0!
0,
00
0-
b0 .
0#
#30900000
1!
1,
10
0M
b1111111111111111111101000001000011011001100111001100000000000000 N
b1101 P
#30920000
0!
0,
00
b1 .
#30940000
1!
1,
10
#30960000
0!
0,
00
b10 .
#30980000
1!
1,
10
#31000000
0!
0,
00
b11 .
#31020000
1!
1,
10
#31040000
0!
0,
00
b100 .
#31060000
1!
1,
10
#31080000
0!
0,
00
1-
b0 .
1#
#31100000
1!
1,
10
1M
#31120000
0!
0,
00
b1 .
#31140000
1!
1,
10
#31160000
0!
0,
00
b10 .
#31180000
1!
1,
10
#31200000
0!
0,
00
b11 .
#31220000
1!
1,
10
#31240000
0!
0,
00
b100 .
#31260000
1!
1,
10
#31280000
0!
0,
00
0-
b0 .
0#
#31300000
1!
1,
10
0M
b1111111111111111111010000010000110110011001110011000000000000000 N
b1110 P
#31320000
0!
0,
00
b1 .
#31340000
1!
1,
10
#31360000
0!
0,
00
b10 .
#31380000
1!
1,
10
#31400000
0!
0,
00
b11 .
#31420000
1!
1,
10
#31440000
0!
0,
00
b100 .
#31460000
1!
1,
10
#31480000
0!
0,
00
1-
b0 .
1#
#31500000
1!
1,
10
1M
#31520000
0!
0,
00
b1 .
#31540000
1!
1,
10
#31560000
0!
0,
00
b10 .
#31580000
1!
1,
10
#31600000
0!
0,
00
b11 .
#31620000
1!
1,
10
#31640000
0!
0,
00
b100 .
#31660000
1!
1,
10
#31680000
0!
0,
00
0-
b0 .
0#
#31700000
1!
1,
10
0M
b1111111111111111110100000100001101100110011100110000000000000000 N
b1111 P
#31720000
0!
0,
00
b1 .
#31740000
1!
1,
10
#31760000
0!
0,
00
b10 .
#31780000
1!
1,
10
#31800000
0!
0,
00
b11 .
#31820000
1!
1,
10
#31840000
0!
0,
00
b100 .
#31860000
1!
1,
10
#31880000
0!
0,
00
1-
b0 .
1#
#31900000
1!
1,
10
1M
#31920000
0!
0,
00
b1 .
#31940000
1!
1,
10
#31960000
0!
0,
00
b10 .
#31980000
1!
1,
10
#32000000
0!
0,
00
b11 .
#32020000
1!
1,
10
#32040000
0!
0,
00
b100 .
#32060000
1!
1,
10
#32080000
0!
0,
00
0-
b0 .
0#
#32100000
1!
1,
10
0M
b1111111111111111101000001000011011001100111001100000000000000000 N
b10000 P
#32120000
0!
0,
00
b1 .
#32140000
1!
1,
10
#32160000
0!
0,
00
b10 .
#32180000
1!
1,
10
#32200000
0!
0,
00
b11 .
#32220000
1!
1,
10
#32240000
0!
0,
00
b100 .
#32260000
1!
1,
10
#32280000
0!
0,
00
1-
b0 .
1#
#32300000
1!
1,
10
1M
#32320000
0!
0,
00
b1 .
#32340000
1!
1,
10
#32360000
0!
0,
00
b10 .
#32380000
1!
1,
10
#32400000
0!
0,
00
b11 .
#32420000
1!
1,
10
#32440000
0!
0,
00
b100 .
#32460000
1!
1,
10
#32480000
0!
0,
00
0-
b0 .
0#
#32500000
1!
1,
10
0M
b1111111111111111010000010000110110011001110011000000000000000000 N
b10001 P
#32520000
0!
0,
00
b1 .
#32540000
1!
1,
10
#32560000
0!
0,
00
b10 .
#32580000
1!
1,
10
#32600000
0!
0,
00
b11 .
#32620000
1!
1,
10
#32640000
0!
0,
00
b100 .
#32660000
1!
1,
10
#32680000
0!
0,
00
1-
b0 .
1#
#32700000
1!
1,
10
1M
#32720000
0!
0,
00
b1 .
#32740000
1!
1,
10
#32760000
0!
0,
00
b10 .
#32780000
1!
1,
10
#32800000
0!
0,
00
b11 .
#32820000
1!
1,
10
#32840000
0!
0,
00
b100 .
#32860000
1!
1,
10
#32880000
0!
0,
00
0-
b0 .
0#
#32900000
1!
1,
10
0M
b1111111111111110100000100001101100110011100110000000000000000000 N
b10010 P
#32920000
0!
0,
00
b1 .
#32940000
1!
1,
10
#32960000
0!
0,
00
b10 .
#32980000
1!
1,
10
#33000000
0!
0,
00
b11 .
#33020000
1!
1,
10
#33040000
0!
0,
00
b100 .
#33060000
1!
1,
10
#33080000
0!
0,
00
1-
b0 .
1#
#33100000
1!
1,
10
1M
#33120000
0!
0,
00
b1 .
#33140000
1!
1,
10
#33160000
0!
0,
00
b10 .
#33180000
1!
1,
10
#33200000
0!
0,
00
b11 .
#33220000
1!
1,
10
#33240000
0!
0,
00
b100 .
#33260000
1!
1,
10
#33280000
0!
0,
00
0-
b0 .
0#
#33300000
1!
1,
10
0M
b1111111111111101000001000011011001100111001100000000000000000000 N
b10011 P
#33320000
0!
0,
00
b1 .
#33340000
1!
1,
10
#33360000
0!
0,
00
b10 .
#33380000
1!
1,
10
#33400000
0!
0,
00
b11 .
#33420000
1!
1,
10
#33440000
0!
0,
00
b100 .
#33460000
1!
1,
10
#33480000
0!
0,
00
1-
b0 .
1#
#33500000
1!
1,
10
1M
#33520000
0!
0,
00
b1 .
#33540000
1!
1,
10
#33560000
0!
0,
00
b10 .
#33580000
1!
1,
10
#33600000
0!
0,
00
b11 .
#33620000
1!
1,
10
#33640000
0!
0,
00
b100 .
#33660000
1!
1,
10
#33680000
0!
0,
00
0-
b0 .
0#
#33700000
1!
1,
10
0M
b1111111111111010000010000110110011001110011000000000000000000000 N
b10100 P
#33720000
0!
0,
00
b1 .
#33740000
1!
1,
10
#33760000
0!
0,
00
b10 .
#33780000
1!
1,
10
#33800000
0!
0,
00
b11 .
#33820000
1!
1,
10
#33840000
0!
0,
00
b100 .
#33860000
1!
1,
10
#33880000
0!
0,
00
1-
b0 .
1#
#33900000
1!
1,
10
1M
#33920000
0!
0,
00
b1 .
#33940000
1!
1,
10
#33960000
0!
0,
00
b10 .
#33980000
1!
1,
10
#34000000
0!
0,
00
b11 .
#34020000
1!
1,
10
#34040000
0!
0,
00
b100 .
#34060000
1!
1,
10
#34080000
0!
0,
00
0-
b0 .
0#
#34100000
1!
1,
10
0M
b1111111111110100000100001101100110011100110000000000000000000000 N
b10101 P
#34120000
0!
0,
00
b1 .
#34140000
1!
1,
10
#34160000
0!
0,
00
b10 .
#34180000
1!
1,
10
#34200000
0!
0,
00
b11 .
#34220000
1!
1,
10
#34240000
0!
0,
00
b100 .
#34260000
1!
1,
10
#34280000
0!
0,
00
1-
b0 .
1#
#34300000
1!
1,
10
1M
#34320000
0!
0,
00
b1 .
#34340000
1!
1,
10
#34360000
0!
0,
00
b10 .
#34380000
1!
1,
10
#34400000
0!
0,
00
b11 .
#34420000
1!
1,
10
#34440000
0!
0,
00
b100 .
#34460000
1!
1,
10
#34480000
0!
0,
00
0-
b0 .
0#
#34500000
1!
1,
10
0M
b1111111111101000001000011011001100111001100000000000000000000000 N
b10110 P
#34520000
0!
0,
00
b1 .
#34540000
1!
1,
10
#34560000
0!
0,
00
b10 .
#34580000
1!
1,
10
#34600000
0!
0,
00
b11 .
#34620000
1!
1,
10
#34640000
0!
0,
00
b100 .
#34660000
1!
1,
10
#34680000
0!
0,
00
1-
b0 .
1#
#34700000
1!
1,
10
1M
#34720000
0!
0,
00
b1 .
#34740000
1!
1,
10
#34760000
0!
0,
00
b10 .
#34780000
1!
1,
10
#34800000
0!
0,
00
b11 .
#34820000
1!
1,
10
#34840000
0!
0,
00
b100 .
#34860000
1!
1,
10
#34880000
0!
0,
00
0-
b0 .
0#
#34900000
1!
1,
10
0M
b1111111111010000010000110110011001110011000000000000000000000000 N
b10111 P
#34920000
0!
0,
00
b1 .
#34940000
1!
1,
10
#34960000
0!
0,
00
b10 .
#34980000
1!
1,
10
#35000000
0!
0,
00
b11 .
#35020000
1!
1,
10
#35040000
0!
0,
00
b100 .
#35060000
1!
1,
10
#35080000
0!
0,
00
1-
b0 .
1#
#35100000
1!
1,
10
1M
#35120000
0!
0,
00
b1 .
#35140000
1!
1,
10
#35160000
0!
0,
00
b10 .
#35180000
1!
1,
10
#35200000
0!
0,
00
b11 .
#35220000
1!
1,
10
#35240000
0!
0,
00
b100 .
#35260000
1!
1,
10
#35280000
0!
0,
00
0-
b0 .
0#
#35300000
1!
1,
10
0M
b1111111110100000100001101100110011100110000000000000000000000000 N
b11000 P
#35320000
0!
0,
00
b1 .
#35340000
1!
1,
10
#35360000
0!
0,
00
b10 .
#35380000
1!
1,
10
#35400000
0!
0,
00
b11 .
#35420000
1!
1,
10
#35440000
0!
0,
00
b100 .
#35460000
1!
1,
10
#35480000
0!
0,
00
1-
b0 .
1#
#35500000
1!
1,
10
1M
#35520000
0!
0,
00
b1 .
#35540000
1!
1,
10
#35560000
0!
0,
00
b10 .
#35580000
1!
1,
10
#35600000
0!
0,
00
b11 .
#35620000
1!
1,
10
#35640000
0!
0,
00
b100 .
#35660000
1!
1,
10
#35680000
0!
0,
00
0-
b0 .
0#
#35700000
1!
1,
10
0M
b1111111101000001000011011001100111001100000000000000000000000000 N
b11001 P
#35720000
0!
0,
00
b1 .
#35740000
1!
1,
10
#35760000
0!
0,
00
b10 .
#35780000
1!
1,
10
#35800000
0!
0,
00
b11 .
#35820000
1!
1,
10
#35840000
0!
0,
00
b100 .
#35860000
1!
1,
10
#35880000
0!
0,
00
1-
b0 .
1#
#35900000
1!
1,
10
1M
#35920000
0!
0,
00
b1 .
#35940000
1!
1,
10
#35960000
0!
0,
00
b10 .
#35980000
1!
1,
10
#36000000
0!
0,
00
b11 .
#36020000
1!
1,
10
#36040000
0!
0,
00
b100 .
#36060000
1!
1,
10
#36080000
0!
0,
00
0-
b0 .
0#
#36100000
1!
1,
10
0M
b1111111010000010000110110011001110011000000000000000000000000000 N
b11010 P
#36120000
0!
0,
00
b1 .
#36140000
1!
1,
10
#36160000
0!
0,
00
b10 .
#36180000
1!
1,
10
#36200000
0!
0,
00
b11 .
#36220000
1!
1,
10
#36240000
0!
0,
00
b100 .
#36260000
1!
1,
10
#36280000
0!
0,
00
1-
b0 .
1#
#36300000
1!
1,
10
1M
#36320000
0!
0,
00
b1 .
#36340000
1!
1,
10
#36360000
0!
0,
00
b10 .
#36380000
1!
1,
10
#36400000
0!
0,
00
b11 .
#36420000
1!
1,
10
#36440000
0!
0,
00
b100 .
#36460000
1!
1,
10
#36480000
0!
0,
00
0-
b0 .
0#
#36500000
1!
1,
10
0M
b1111110100000100001101100110011100110000000000000000000000000000 N
b11011 P
#36520000
0!
0,
00
b1 .
#36540000
1!
1,
10
#36560000
0!
0,
00
b10 .
#36580000
1!
1,
10
#36600000
0!
0,
00
b11 .
#36620000
1!
1,
10
#36640000
0!
0,
00
b100 .
#36660000
1!
1,
10
#36680000
0!
0,
00
1-
b0 .
1#
#36700000
1!
1,
10
1M
#36720000
0!
0,
00
b1 .
#36740000
1!
1,
10
#36760000
0!
0,
00
b10 .
#36780000
1!
1,
10
#36800000
0!
0,
00
b11 .
#36820000
1!
1,
10
#36840000
0!
0,
00
b100 .
#36860000
1!
1,
10
#36880000
0!
0,
00
0-
b0 .
0#
#36900000
1!
1,
10
0M
b1111101000001000011011001100111001100000000000000000000000000000 N
b11100 P
#36920000
0!
0,
00
b1 .
#36940000
1!
1,
10
#36960000
0!
0,
00
b10 .
#36980000
1!
1,
10
#37000000
0!
0,
00
b11 .
#37020000
1!
1,
10
#37040000
0!
0,
00
b100 .
#37060000
1!
1,
10
#37080000
0!
0,
00
1-
b0 .
1#
#37100000
1!
1,
10
1M
#37120000
0!
0,
00
b1 .
#37140000
1!
1,
10
#37160000
0!
0,
00
b10 .
#37180000
1!
1,
10
#37200000
0!
0,
00
b11 .
#37220000
1!
1,
10
#37240000
0!
0,
00
b100 .
#37260000
1!
1,
10
#37280000
0!
0,
00
0-
b0 .
0#
#37300000
1!
1,
10
0M
b1111010000010000110110011001110011000000000000000000000000000000 N
b11101 P
#37320000
0!
0,
00
b1 .
#37340000
1!
1,
10
#37360000
0!
0,
00
b10 .
#37380000
1!
1,
10
#37400000
0!
0,
00
b11 .
#37420000
1!
1,
10
#37440000
0!
0,
00
b100 .
#37460000
1!
1,
10
#37480000
0!
0,
00
1-
b0 .
1#
#37500000
1!
1,
10
1M
#37520000
0!
0,
00
b1 .
#37540000
1!
1,
10
#37560000
0!
0,
00
b10 .
#37580000
1!
1,
10
#37600000
0!
0,
00
b11 .
#37620000
1!
1,
10
#37640000
0!
0,
00
b100 .
#37660000
1!
1,
10
#37680000
0!
0,
00
0-
b0 .
0#
#37700000
1!
1,
10
0M
b1110100000100001101100110011100110000000000000000000000000000000 N
b11110 P
#37720000
0!
0,
00
b1 .
#37740000
1!
1,
10
#37760000
0!
0,
00
b10 .
#37780000
1!
1,
10
#37800000
0!
0,
00
b11 .
#37820000
1!
1,
10
#37840000
0!
0,
00
b100 .
#37860000
1!
1,
10
#37880000
0!
0,
00
1-
b0 .
1#
#37900000
1!
1,
10
1M
#37920000
0!
0,
00
b1 .
#37940000
1!
1,
10
#37960000
0!
0,
00
b10 .
#37980000
1!
1,
10
#38000000
0!
0,
00
b11 .
#38020000
1!
1,
10
#38040000
0!
0,
00
b100 .
#38060000
1!
1,
10
#38080000
0!
0,
00
0-
b0 .
0#
#38100000
1!
1,
10
0M
b1101000001000011011001100111001100000000000000000000000000000000 N
b11111 P
#38120000
0!
0,
00
b1 .
#38140000
1!
1,
10
#38160000
0!
0,
00
b10 .
#38180000
1!
1,
10
#38200000
0!
0,
00
b11 .
#38220000
1!
1,
10
#38240000
0!
0,
00
b100 .
#38260000
1!
1,
10
#38280000
0!
0,
00
1-
b0 .
1#
#38300000
1!
1,
10
1M
#38320000
0!
0,
00
b1 .
#38340000
1!
1,
10
#38360000
0!
0,
00
b10 .
#38380000
1!
1,
10
#38400000
0!
0,
00
b11 .
#38420000
1!
1,
10
#38440000
0!
0,
00
b100 .
#38460000
1!
1,
10
#38480000
0!
0,
00
0-
b0 .
0#
#38500000
1!
1,
10
0M
b1010000010000110110011001110011000000000000000000000000000000000 N
b100000 P
#38520000
0!
0,
00
b1 .
#38540000
1!
1,
10
#38560000
0!
0,
00
b10 .
#38580000
1!
1,
10
#38600000
0!
0,
00
b11 .
#38620000
1!
1,
10
#38640000
0!
0,
00
b100 .
#38660000
1!
1,
10
#38680000
0!
0,
00
1-
b0 .
1#
#38700000
1!
1,
10
1M
#38720000
0!
0,
00
b1 .
#38740000
1!
1,
10
#38760000
0!
0,
00
b10 .
#38780000
1!
1,
10
#38800000
0!
0,
00
b11 .
#38820000
1!
1,
10
#38840000
0!
0,
00
b100 .
#38860000
1!
1,
10
#38880000
0!
0,
00
0-
b0 .
0#
#38900000
1!
1,
10
0M
b100000100001101100110011100110000000000000000000000000000000000 N
b100001 P
0(
#38920000
0!
0,
00
b1 .
#38940000
1!
1,
10
#38960000
0!
0,
00
b10 .
#38980000
1!
1,
10
#39000000
0!
0,
00
b11 .
#39020000
1!
1,
10
#39040000
0!
0,
00
b100 .
#39060000
1!
1,
10
#39080000
0!
0,
00
1-
b0 .
1#
#39100000
1!
1,
10
1M
#39120000
0!
0,
00
b1 .
#39140000
1!
1,
10
#39160000
0!
0,
00
b10 .
#39180000
1!
1,
10
#39200000
0!
0,
00
b11 .
#39220000
1!
1,
10
#39240000
0!
0,
00
b100 .
#39260000
1!
1,
10
#39280000
0!
0,
00
0-
b0 .
0#
#39300000
1!
1,
10
0M
b1000001000011011001100111001100000000000000000000000000000000000 N
b100010 P
1(
#39320000
0!
0,
00
b1 .
#39340000
1!
1,
10
#39360000
0!
0,
00
b10 .
#39380000
1!
1,
10
#39400000
0!
0,
00
b11 .
#39420000
1!
1,
10
#39440000
0!
0,
00
b100 .
#39460000
1!
1,
10
#39480000
0!
0,
00
1-
b0 .
1#
#39500000
1!
1,
10
1M
#39520000
0!
0,
00
b1 .
#39540000
1!
1,
10
#39560000
0!
0,
00
b10 .
#39580000
1!
1,
10
#39600000
0!
0,
00
b11 .
#39620000
1!
1,
10
#39640000
0!
0,
00
b100 .
#39660000
1!
1,
10
#39680000
0!
0,
00
0-
b0 .
0#
#39700000
1!
1,
10
0M
b10000110110011001110011000000000000000000000000000000000000 N
b100011 P
0(
#39720000
0!
0,
00
b1 .
#39740000
1!
1,
10
#39760000
0!
0,
00
b10 .
#39780000
1!
1,
10
#39800000
0!
0,
00
b11 .
#39820000
1!
1,
10
#39840000
0!
0,
00
b100 .
#39860000
1!
1,
10
#39880000
0!
0,
00
1-
b0 .
1#
#39900000
1!
1,
10
1M
#39920000
0!
0,
00
b1 .
#39940000
1!
1,
10
#39960000
0!
0,
00
b10 .
#39980000
1!
1,
10
#40000000
0!
0,
00
b11 .
#40020000
1!
1,
10
#40040000
0!
0,
00
b100 .
#40060000
1!
1,
10
#40080000
0!
0,
00
0-
b0 .
0#
#40100000
1!
1,
10
0M
b100001101100110011100110000000000000000000000000000000000000 N
b100100 P
#40120000
0!
0,
00
b1 .
#40140000
1!
1,
10
#40160000
0!
0,
00
b10 .
#40180000
1!
1,
10
#40200000
0!
0,
00
b11 .
#40220000
1!
1,
10
#40240000
0!
0,
00
b100 .
#40260000
1!
1,
10
#40280000
0!
0,
00
1-
b0 .
1#
#40300000
1!
1,
10
1M
#40320000
0!
0,
00
b1 .
#40340000
1!
1,
10
#40360000
0!
0,
00
b10 .
#40380000
1!
1,
10
#40400000
0!
0,
00
b11 .
#40420000
1!
1,
10
#40440000
0!
0,
00
b100 .
#40460000
1!
1,
10
#40480000
0!
0,
00
0-
b0 .
0#
#40500000
1!
1,
10
0M
b1000011011001100111001100000000000000000000000000000000000000 N
b100101 P
#40520000
0!
0,
00
b1 .
#40540000
1!
1,
10
#40560000
0!
0,
00
b10 .
#40580000
1!
1,
10
#40600000
0!
0,
00
b11 .
#40620000
1!
1,
10
#40640000
0!
0,
00
b100 .
#40660000
1!
1,
10
#40680000
0!
0,
00
1-
b0 .
1#
#40700000
1!
1,
10
1M
#40720000
0!
0,
00
b1 .
#40740000
1!
1,
10
#40760000
0!
0,
00
b10 .
#40780000
1!
1,
10
#40800000
0!
0,
00
b11 .
#40820000
1!
1,
10
#40840000
0!
0,
00
b100 .
#40860000
1!
1,
10
#40880000
0!
0,
00
0-
b0 .
0#
#40900000
1!
1,
10
0M
b10000110110011001110011000000000000000000000000000000000000000 N
b100110 P
#40920000
0!
0,
00
b1 .
#40940000
1!
1,
10
#40960000
0!
0,
00
b10 .
#40980000
1!
1,
10
#41000000
0!
0,
00
b11 .
#41020000
1!
1,
10
#41040000
0!
0,
00
b100 .
#41060000
1!
1,
10
#41080000
0!
0,
00
1-
b0 .
1#
#41100000
1!
1,
10
1M
#41120000
0!
0,
00
b1 .
#41140000
1!
1,
10
#41160000
0!
0,
00
b10 .
#41180000
1!
1,
10
#41200000
0!
0,
00
b11 .
#41220000
1!
1,
10
#41240000
0!
0,
00
b100 .
#41260000
1!
1,
10
#41280000
0!
0,
00
0-
b0 .
0#
#41300000
1!
1,
10
0M
b100001101100110011100110000000000000000000000000000000000000000 N
b100111 P
#41320000
0!
0,
00
b1 .
#41340000
1!
1,
10
#41360000
0!
0,
00
b10 .
#41380000
1!
1,
10
#41400000
0!
0,
00
b11 .
#41420000
1!
1,
10
#41440000
0!
0,
00
b100 .
#41460000
1!
1,
10
#41480000
0!
0,
00
1-
b0 .
1#
#41500000
1!
1,
10
1M
#41520000
0!
0,
00
b1 .
#41540000
1!
1,
10
#41560000
0!
0,
00
b10 .
#41580000
1!
1,
10
#41600000
0!
0,
00
b11 .
#41620000
1!
1,
10
#41640000
0!
0,
00
b100 .
#41660000
1!
1,
10
#41680000
0!
0,
00
0-
b0 .
0#
#41700000
1!
1,
10
0M
b1000011011001100111001100000000000000000000000000000000000000000 N
b101000 P
1(
#41720000
0!
0,
00
b1 .
#41740000
1!
1,
10
#41760000
0!
0,
00
b10 .
#41780000
1!
1,
10
#41800000
0!
0,
00
b11 .
#41820000
1!
1,
10
#41840000
0!
0,
00
b100 .
#41860000
1!
1,
10
#41880000
0!
0,
00
1-
b0 .
1#
#41900000
1!
1,
10
1M
#41920000
0!
0,
00
b1 .
#41940000
1!
1,
10
#41960000
0!
0,
00
b10 .
#41980000
1!
1,
10
#42000000
0!
0,
00
b11 .
#42020000
1!
1,
10
#42040000
0!
0,
00
b100 .
#42060000
1!
1,
10
#42080000
0!
0,
00
0-
b0 .
0#
#42100000
1!
1,
10
0M
b110110011001110011000000000000000000000000000000000000000000 N
b101001 P
0(
#42120000
0!
0,
00
b1 .
#42140000
1!
1,
10
#42160000
0!
0,
00
b10 .
#42180000
1!
1,
10
#42200000
0!
0,
00
b11 .
#42220000
1!
1,
10
#42240000
0!
0,
00
b100 .
#42260000
1!
1,
10
#42280000
0!
0,
00
1-
b0 .
1#
#42300000
1!
1,
10
1M
#42320000
0!
0,
00
b1 .
#42340000
1!
1,
10
#42360000
0!
0,
00
b10 .
#42380000
1!
1,
10
#42400000
0!
0,
00
b11 .
#42420000
1!
1,
10
#42440000
0!
0,
00
b100 .
#42460000
1!
1,
10
#42480000
0!
0,
00
0-
b0 .
0#
#42500000
1!
1,
10
0M
b1101100110011100110000000000000000000000000000000000000000000 N
b101010 P
#42520000
0!
0,
00
b1 .
#42540000
1!
1,
10
#42560000
0!
0,
00
b10 .
#42580000
1!
1,
10
#42600000
0!
0,
00
b11 .
#42620000
1!
1,
10
#42640000
0!
0,
00
b100 .
#42660000
1!
1,
10
#42680000
0!
0,
00
1-
b0 .
1#
#42700000
1!
1,
10
1M
#42720000
0!
0,
00
b1 .
#42740000
1!
1,
10
#42760000
0!
0,
00
b10 .
#42780000
1!
1,
10
#42800000
0!
0,
00
b11 .
#42820000
1!
1,
10
#42840000
0!
0,
00
b100 .
#42860000
1!
1,
10
#42880000
0!
0,
00
0-
b0 .
0#
#42900000
1!
1,
10
0M
b11011001100111001100000000000000000000000000000000000000000000 N
b101011 P
#42920000
0!
0,
00
b1 .
#42940000
1!
1,
10
#42960000
0!
0,
00
b10 .
#42980000
1!
1,
10
#43000000
0!
0,
00
b11 .
#43020000
1!
1,
10
#43040000
0!
0,
00
b100 .
#43060000
1!
1,
10
#43080000
0!
0,
00
1-
b0 .
1#
#43100000
1!
1,
10
1M
#43120000
0!
0,
00
b1 .
#43140000
1!
1,
10
#43160000
0!
0,
00
b10 .
#43180000
1!
1,
10
#43200000
0!
0,
00
b11 .
#43220000
1!
1,
10
#43240000
0!
0,
00
b100 .
#43260000
1!
1,
10
#43280000
0!
0,
00
0-
b0 .
0#
#43300000
1!
1,
10
0M
b110110011001110011000000000000000000000000000000000000000000000 N
b101100 P
#43320000
0!
0,
00
b1 .
#43340000
1!
1,
10
#43360000
0!
0,
00
b10 .
#43380000
1!
1,
10
#43400000
0!
0,
00
b11 .
#43420000
1!
1,
10
#43440000
0!
0,
00
b100 .
#43460000
1!
1,
10
#43480000
0!
0,
00
1-
b0 .
1#
#43500000
1!
1,
10
1M
#43520000
0!
0,
00
b1 .
#43540000
1!
1,
10
#43560000
0!
0,
00
b10 .
#43580000
1!
1,
10
#43600000
0!
0,
00
b11 .
#43620000
1!
1,
10
#43640000
0!
0,
00
b100 .
#43660000
1!
1,
10
#43680000
0!
0,
00
0-
b0 .
0#
#43700000
1!
1,
10
0M
b1101100110011100110000000000000000000000000000000000000000000000 N
b101101 P
1(
#43720000
0!
0,
00
b1 .
#43740000
1!
1,
10
#43760000
0!
0,
00
b10 .
#43780000
1!
1,
10
#43800000
0!
0,
00
b11 .
#43820000
1!
1,
10
#43840000
0!
0,
00
b100 .
#43860000
1!
1,
10
#43880000
0!
0,
00
1-
b0 .
1#
#43900000
1!
1,
10
1M
#43920000
0!
0,
00
b1 .
#43940000
1!
1,
10
#43960000
0!
0,
00
b10 .
#43980000
1!
1,
10
#44000000
0!
0,
00
b11 .
#44020000
1!
1,
10
#44040000
0!
0,
00
b100 .
#44060000
1!
1,
10
#44080000
0!
0,
00
0-
b0 .
0#
#44100000
1!
1,
10
0M
b1011001100111001100000000000000000000000000000000000000000000000 N
b101110 P
#44120000
0!
0,
00
b1 .
#44140000
1!
1,
10
#44160000
0!
0,
00
b10 .
#44180000
1!
1,
10
#44200000
0!
0,
00
b11 .
#44220000
1!
1,
10
#44240000
0!
0,
00
b100 .
#44260000
1!
1,
10
#44280000
0!
0,
00
1-
b0 .
1#
#44300000
1!
1,
10
1M
#44320000
0!
0,
00
b1 .
#44340000
1!
1,
10
#44360000
0!
0,
00
b10 .
#44380000
1!
1,
10
#44400000
0!
0,
00
b11 .
#44420000
1!
1,
10
#44440000
0!
0,
00
b100 .
#44460000
1!
1,
10
#44480000
0!
0,
00
0-
b0 .
0#
#44500000
1!
1,
10
0M
b110011001110011000000000000000000000000000000000000000000000000 N
b101111 P
0(
#44520000
0!
0,
00
b1 .
#44540000
1!
1,
10
#44560000
0!
0,
00
b10 .
#44580000
1!
1,
10
#44600000
0!
0,
00
b11 .
#44620000
1!
1,
10
#44640000
0!
0,
00
b100 .
#44660000
1!
1,
10
#44680000
0!
0,
00
1-
b0 .
1#
#44700000
1!
1,
10
1M
#44720000
0!
0,
00
b1 .
#44740000
1!
1,
10
#44760000
0!
0,
00
b10 .
#44780000
1!
1,
10
#44800000
0!
0,
00
b11 .
#44820000
1!
1,
10
#44840000
0!
0,
00
b100 .
#44860000
1!
1,
10
#44880000
0!
0,
00
0-
b0 .
0#
#44900000
1!
1,
10
0M
b1100110011100110000000000000000000000000000000000000000000000000 N
b110000 P
1(
#44920000
0!
0,
00
b1 .
#44940000
1!
1,
10
#44960000
0!
0,
00
b10 .
#44980000
1!
1,
10
#45000000
0!
0,
00
b11 .
#45020000
1!
1,
10
#45040000
0!
0,
00
b100 .
#45060000
1!
1,
10
#45080000
0!
0,
00
1-
b0 .
1#
#45100000
1!
1,
10
1M
#45120000
0!
0,
00
b1 .
#45140000
1!
1,
10
#45160000
0!
0,
00
b10 .
#45180000
1!
1,
10
#45200000
0!
0,
00
b11 .
#45220000
1!
1,
10
#45240000
0!
0,
00
b100 .
#45260000
1!
1,
10
#45280000
0!
0,
00
0-
b0 .
0#
#45300000
1!
1,
10
0M
b1001100111001100000000000000000000000000000000000000000000000000 N
b110001 P
#45320000
0!
0,
00
b1 .
#45340000
1!
1,
10
#45360000
0!
0,
00
b10 .
#45380000
1!
1,
10
#45400000
0!
0,
00
b11 .
#45420000
1!
1,
10
#45440000
0!
0,
00
b100 .
#45460000
1!
1,
10
#45480000
0!
0,
00
1-
b0 .
1#
#45500000
1!
1,
10
1M
#45520000
0!
0,
00
b1 .
#45540000
1!
1,
10
#45560000
0!
0,
00
b10 .
#45580000
1!
1,
10
#45600000
0!
0,
00
b11 .
#45620000
1!
1,
10
#45640000
0!
0,
00
b100 .
#45660000
1!
1,
10
#45680000
0!
0,
00
0-
b0 .
0#
#45700000
1!
1,
10
0M
b11001110011000000000000000000000000000000000000000000000000000 N
b110010 P
0(
#45720000
0!
0,
00
b1 .
#45740000
1!
1,
10
#45760000
0!
0,
00
b10 .
#45780000
1!
1,
10
#45800000
0!
0,
00
b11 .
#45820000
1!
1,
10
#45840000
0!
0,
00
b100 .
#45860000
1!
1,
10
#45880000
0!
0,
00
1-
b0 .
1#
#45900000
1!
1,
10
1M
#45920000
0!
0,
00
b1 .
#45940000
1!
1,
10
#45960000
0!
0,
00
b10 .
#45980000
1!
1,
10
#46000000
0!
0,
00
b11 .
#46020000
1!
1,
10
#46040000
0!
0,
00
b100 .
#46060000
1!
1,
10
#46080000
0!
0,
00
0-
b0 .
0#
#46100000
1!
1,
10
0M
b110011100110000000000000000000000000000000000000000000000000000 N
b110011 P
#46120000
0!
0,
00
b1 .
#46140000
1!
1,
10
#46160000
0!
0,
00
b10 .
#46180000
1!
1,
10
#46200000
0!
0,
00
b11 .
#46220000
1!
1,
10
#46240000
0!
0,
00
b100 .
#46260000
1!
1,
10
#46280000
0!
0,
00
1-
b0 .
1#
#46300000
1!
1,
10
1M
#46320000
0!
0,
00
b1 .
#46340000
1!
1,
10
#46360000
0!
0,
00
b10 .
#46380000
1!
1,
10
#46400000
0!
0,
00
b11 .
#46420000
1!
1,
10
#46440000
0!
0,
00
b100 .
#46460000
1!
1,
10
#46480000
0!
0,
00
0-
b0 .
0#
#46500000
1!
1,
10
0M
b1100111001100000000000000000000000000000000000000000000000000000 N
b110100 P
1(
#46520000
0!
0,
00
b1 .
#46540000
1!
1,
10
#46560000
0!
0,
00
b10 .
#46580000
1!
1,
10
#46600000
0!
0,
00
b11 .
#46620000
1!
1,
10
#46640000
0!
0,
00
b100 .
#46660000
1!
1,
10
#46680000
0!
0,
00
1-
b0 .
1#
#46700000
1!
1,
10
1M
#46720000
0!
0,
00
b1 .
#46740000
1!
1,
10
#46760000
0!
0,
00
b10 .
#46780000
1!
1,
10
#46800000
0!
0,
00
b11 .
#46820000
1!
1,
10
#46840000
0!
0,
00
b100 .
#46860000
1!
1,
10
#46880000
0!
0,
00
0-
b0 .
0#
#46900000
1!
1,
10
0M
b1001110011000000000000000000000000000000000000000000000000000000 N
b110101 P
#46920000
0!
0,
00
b1 .
#46940000
1!
1,
10
#46960000
0!
0,
00
b10 .
#46980000
1!
1,
10
#47000000
0!
0,
00
b11 .
#47020000
1!
1,
10
#47040000
0!
0,
00
b100 .
#47060000
1!
1,
10
#47080000
0!
0,
00
1-
b0 .
1#
#47100000
1!
1,
10
1M
#47120000
0!
0,
00
b1 .
#47140000
1!
1,
10
#47160000
0!
0,
00
b10 .
#47180000
1!
1,
10
#47200000
0!
0,
00
b11 .
#47220000
1!
1,
10
#47240000
0!
0,
00
b100 .
#47260000
1!
1,
10
#47280000
0!
0,
00
0-
b0 .
0#
#47300000
1!
1,
10
0M
b11100110000000000000000000000000000000000000000000000000000000 N
b110110 P
0(
#47320000
0!
0,
00
b1 .
#47340000
1!
1,
10
#47360000
0!
0,
00
b10 .
#47380000
1!
1,
10
#47400000
0!
0,
00
b11 .
#47420000
1!
1,
10
#47440000
0!
0,
00
b100 .
#47460000
1!
1,
10
#47480000
0!
0,
00
1-
b0 .
1#
#47500000
1!
1,
10
1M
#47520000
0!
0,
00
b1 .
#47540000
1!
1,
10
#47560000
0!
0,
00
b10 .
#47580000
1!
1,
10
#47600000
0!
0,
00
b11 .
#47620000
1!
1,
10
#47640000
0!
0,
00
b100 .
#47660000
1!
1,
10
#47680000
0!
0,
00
0-
b0 .
0#
#47700000
1!
1,
10
0M
b111001100000000000000000000000000000000000000000000000000000000 N
b110111 P
#47720000
0!
0,
00
b1 .
#47740000
1!
1,
10
#47760000
0!
0,
00
b10 .
#47780000
1!
1,
10
#47800000
0!
0,
00
b11 .
#47820000
1!
1,
10
#47840000
0!
0,
00
b100 .
#47860000
1!
1,
10
#47880000
0!
0,
00
1-
b0 .
1#
#47900000
1!
1,
10
1M
#47920000
0!
0,
00
b1 .
#47940000
1!
1,
10
#47960000
0!
0,
00
b10 .
#47980000
1!
1,
10
#48000000
0!
0,
00
b11 .
#48020000
1!
1,
10
#48040000
0!
0,
00
b100 .
#48060000
1!
1,
10
#48080000
0!
0,
00
0-
b0 .
0#
#48100000
1!
1,
10
0M
b1110011000000000000000000000000000000000000000000000000000000000 N
b111000 P
1(
#48120000
0!
0,
00
b1 .
#48140000
1!
1,
10
#48160000
0!
0,
00
b10 .
#48180000
1!
1,
10
#48200000
0!
0,
00
b11 .
#48220000
1!
1,
10
#48240000
0!
0,
00
b100 .
#48260000
1!
1,
10
#48280000
0!
0,
00
1-
b0 .
1#
#48300000
1!
1,
10
1M
#48320000
0!
0,
00
b1 .
#48340000
1!
1,
10
#48360000
0!
0,
00
b10 .
#48380000
1!
1,
10
#48400000
0!
0,
00
b11 .
#48420000
1!
1,
10
#48440000
0!
0,
00
b100 .
#48460000
1!
1,
10
#48480000
0!
0,
00
0-
b0 .
0#
#48500000
1!
1,
10
0M
b1100110000000000000000000000000000000000000000000000000000000000 N
b111001 P
#48520000
0!
0,
00
b1 .
#48540000
1!
1,
10
#48560000
0!
0,
00
b10 .
#48580000
1!
1,
10
#48600000
0!
0,
00
b11 .
#48620000
1!
1,
10
#48640000
0!
0,
00
b100 .
#48660000
1!
1,
10
#48680000
0!
0,
00
1-
b0 .
1#
#48700000
1!
1,
10
1M
#48720000
0!
0,
00
b1 .
#48740000
1!
1,
10
#48760000
0!
0,
00
b10 .
#48780000
1!
1,
10
#48800000
0!
0,
00
b11 .
#48820000
1!
1,
10
#48840000
0!
0,
00
b100 .
#48860000
1!
1,
10
#48880000
0!
0,
00
0-
b0 .
0#
#48900000
1!
1,
10
0M
b1001100000000000000000000000000000000000000000000000000000000000 N
b111010 P
#48920000
0!
0,
00
b1 .
#48940000
1!
1,
10
#48960000
0!
0,
00
b10 .
#48980000
1!
1,
10
#49000000
0!
0,
00
b11 .
#49020000
1!
1,
10
#49040000
0!
0,
00
b100 .
#49060000
1!
1,
10
#49080000
0!
0,
00
1-
b0 .
1#
#49100000
1!
1,
10
1M
#49120000
0!
0,
00
b1 .
#49140000
1!
1,
10
#49160000
0!
0,
00
b10 .
#49180000
1!
1,
10
#49200000
0!
0,
00
b11 .
#49220000
1!
1,
10
#49240000
0!
0,
00
b100 .
#49260000
1!
1,
10
#49280000
0!
0,
00
0-
b0 .
0#
#49300000
1!
1,
10
0M
b11000000000000000000000000000000000000000000000000000000000000 N
b111011 P
0(
#49320000
0!
0,
00
b1 .
#49340000
1!
1,
10
#49360000
0!
0,
00
b10 .
#49380000
1!
1,
10
#49400000
0!
0,
00
b11 .
#49420000
1!
1,
10
#49440000
0!
0,
00
b100 .
#49460000
1!
1,
10
#49480000
0!
0,
00
1-
b0 .
1#
#49500000
1!
1,
10
1M
#49520000
0!
0,
00
b1 .
#49540000
1!
1,
10
#49560000
0!
0,
00
b10 .
#49580000
1!
1,
10
#49600000
0!
0,
00
b11 .
#49620000
1!
1,
10
#49640000
0!
0,
00
b100 .
#49660000
1!
1,
10
#49680000
0!
0,
00
0-
b0 .
0#
#49700000
1!
1,
10
0M
b110000000000000000000000000000000000000000000000000000000000000 N
b111100 P
#49720000
0!
0,
00
b1 .
#49740000
1!
1,
10
#49760000
0!
0,
00
b10 .
#49780000
1!
1,
10
#49800000
0!
0,
00
b11 .
#49820000
1!
1,
10
#49840000
0!
0,
00
b100 .
#49860000
1!
1,
10
#49880000
0!
0,
00
1-
b0 .
1#
#49900000
1!
1,
10
1M
#49920000
0!
0,
00
b1 .
#49940000
1!
1,
10
#49960000
0!
0,
00
b10 .
#49980000
1!
1,
10
#50000000
0!
0,
00
b11 .
#50020000
1!
1,
10
#50040000
0!
0,
00
b100 .
#50060000
1!
1,
10
#50080000
0!
0,
00
0-
b0 .
0#
#50100000
1!
1,
10
0M
b1100000000000000000000000000000000000000000000000000000000000000 N
b111101 P
1(
#50120000
0!
0,
00
b1 .
#50140000
1!
1,
10
#50160000
0!
0,
00
b10 .
#50180000
1!
1,
10
#50200000
0!
0,
00
b11 .
#50220000
1!
1,
10
#50240000
0!
0,
00
b100 .
#50260000
1!
1,
10
#50280000
0!
0,
00
1-
b0 .
1#
#50300000
1!
1,
10
1M
#50320000
0!
0,
00
b1 .
#50340000
1!
1,
10
#50360000
0!
0,
00
b10 .
#50380000
1!
1,
10
#50400000
0!
0,
00
b11 .
#50420000
1!
1,
10
#50440000
0!
0,
00
b100 .
#50460000
1!
1,
10
#50480000
0!
0,
00
0-
b0 .
0#
#50500000
1!
1,
10
0M
b1000000000000000000000000000000000000000000000000000000000000000 N
b111110 P
#50520000
0!
0,
00
b1 .
#50540000
1!
1,
10
#50560000
0!
0,
00
b10 .
#50580000
1!
1,
10
#50600000
0!
0,
00
b11 .
#50620000
1!
1,
10
#50640000
0!
0,
00
b100 .
#50660000
1!
1,
10
#50680000
0!
0,
00
1-
b0 .
1#
#50700000
1!
1,
10
1M
#50720000
0!
0,
00
b1 .
#50740000
1!
1,
10
#50760000
0!
0,
00
b10 .
#50780000
1!
1,
10
#50800000
0!
0,
00
b11 .
#50820000
1!
1,
10
#50840000
0!
0,
00
b100 .
#50860000
1!
1,
10
#50880000
0!
0,
00
0-
b0 .
0#
#50900000
1!
1,
10
0M
b0 N
b111111 P
0(
#50920000
0!
0,
00
b1 .
#50940000
1!
1,
10
#50960000
0!
0,
00
b10 .
#50980000
1!
1,
10
#51000000
0!
0,
00
b11 .
#51020000
1!
1,
10
#51040000
0!
0,
00
b100 .
#51060000
1!
1,
10
#51080000
0!
0,
00
1-
b0 .
1#
#51100000
1!
1,
10
1M
#51120000
0!
0,
00
b1 .
#51140000
1!
1,
10
#51160000
0!
0,
00
b10 .
#51180000
1!
1,
10
#51200000
0!
0,
00
b11 .
#51220000
1!
1,
10
#51240000
0!
0,
00
b100 .
#51260000
1!
1,
10
#51280000
0!
0,
00
0-
b0 .
0#
#51300000
1!
1,
10
0M
b1000000 P
#51320000
0!
0,
00
b1 .
#51340000
1!
1,
10
b0 P
b1111111111111111111111111111111110100000100001101100110011100110 N
1(
#51360000
0!
0,
00
b10 .
#51380000
1!
1,
10
#51400000
0!
0,
00
b11 .
#51420000
1!
1,
10
#51440000
0!
0,
00
b100 .
#51460000
1!
1,
10
#51480000
0!
0,
00
1-
b0 .
1#
#51500000
1!
1,
10
1M
#51520000
0!
0,
00
b1 .
#51540000
1!
1,
10
#51560000
0!
0,
00
b10 .
#51580000
1!
1,
10
#51600000
0!
0,
00
b11 .
#51620000
1!
1,
10
#51640000
0!
0,
00
b100 .
#51660000
1!
1,
10
#51680000
0!
0,
00
0-
b0 .
0#
#51700000
1!
1,
10
0M
b1111111111111111111111111111111101000001000011011001100111001100 N
b1 P
#51720000
0!
0,
00
b1 .
#51740000
1!
1,
10
#51760000
0!
0,
00
b10 .
#51780000
1!
1,
10
#51800000
0!
0,
00
b11 .
#51820000
1!
1,
10
#51840000
0!
0,
00
b100 .
#51860000
1!
1,
10
#51880000
0!
0,
00
1-
b0 .
1#
#51900000
1!
1,
10
1M
#51920000
0!
0,
00
b1 .
#51940000
1!
1,
10
#51960000
0!
0,
00
b10 .
#51980000
1!
1,
10
#52000000
0!
0,
00
b11 .
#52020000
1!
1,
10
#52040000
0!
0,
00
b100 .
#52060000
1!
1,
10
#52080000
0!
0,
00
0-
b0 .
0#
#52100000
1!
1,
10
0M
b1111111111111111111111111111111010000010000110110011001110011000 N
b10 P
#52120000
0!
0,
00
b1 .
#52140000
1!
1,
10
#52160000
0!
0,
00
b10 .
#52180000
1!
1,
10
#52200000
0!
0,
00
b11 .
#52220000
1!
1,
10
#52240000
0!
0,
00
b100 .
#52260000
1!
1,
10
#52280000
0!
0,
00
1-
b0 .
1#
#52300000
1!
1,
10
1M
#52320000
0!
0,
00
b1 .
#52340000
1!
1,
10
#52360000
0!
0,
00
b10 .
#52380000
1!
1,
10
#52400000
0!
0,
00
b11 .
#52420000
1!
1,
10
#52440000
0!
0,
00
b100 .
#52460000
1!
1,
10
#52480000
0!
0,
00
0-
b0 .
0#
#52500000
1!
1,
10
0M
b1111111111111111111111111111110100000100001101100110011100110000 N
b11 P
#52520000
0!
0,
00
b1 .
#52540000
1!
1,
10
#52560000
0!
0,
00
b10 .
#52580000
1!
1,
10
#52600000
0!
0,
00
b11 .
#52620000
1!
1,
10
#52640000
0!
0,
00
b100 .
#52660000
1!
1,
10
#52680000
0!
0,
00
1-
b0 .
1#
#52700000
1!
1,
10
1M
#52720000
0!
0,
00
b1 .
#52740000
1!
1,
10
#52760000
0!
0,
00
b10 .
#52780000
1!
1,
10
#52800000
0!
0,
00
b11 .
#52820000
1!
1,
10
#52840000
0!
0,
00
b100 .
#52860000
1!
1,
10
#52880000
0!
0,
00
0-
b0 .
0#
#52900000
1!
1,
10
0M
b1111111111111111111111111111101000001000011011001100111001100000 N
b100 P
#52920000
0!
0,
00
b1 .
#52940000
1!
1,
10
#52960000
0!
0,
00
b10 .
#52980000
1!
1,
10
#53000000
0!
0,
00
b11 .
#53020000
1!
1,
10
#53040000
0!
0,
00
b100 .
#53060000
1!
1,
10
#53080000
0!
0,
00
1-
b0 .
1#
#53100000
1!
1,
10
1M
#53120000
0!
0,
00
b1 .
#53140000
1!
1,
10
#53160000
0!
0,
00
b10 .
#53180000
1!
1,
10
#53200000
0!
0,
00
b11 .
#53220000
1!
1,
10
#53240000
0!
0,
00
b100 .
#53260000
1!
1,
10
#53280000
0!
0,
00
0-
b0 .
0#
#53300000
1!
1,
10
0M
b1111111111111111111111111111010000010000110110011001110011000000 N
b101 P
#53320000
0!
0,
00
b1 .
#53340000
1!
1,
10
#53360000
0!
0,
00
b10 .
#53380000
1!
1,
10
#53400000
0!
0,
00
b11 .
#53420000
1!
1,
10
#53440000
0!
0,
00
b100 .
#53460000
1!
1,
10
#53480000
0!
0,
00
1-
b0 .
1#
#53500000
1!
1,
10
1M
#53520000
0!
0,
00
b1 .
#53540000
1!
1,
10
#53560000
0!
0,
00
b10 .
#53580000
1!
1,
10
#53600000
0!
0,
00
b11 .
#53620000
1!
1,
10
#53640000
0!
0,
00
b100 .
#53660000
1!
1,
10
#53680000
0!
0,
00
0-
b0 .
0#
#53700000
1!
1,
10
0M
b1111111111111111111111111110100000100001101100110011100110000000 N
b110 P
#53720000
0!
0,
00
b1 .
#53740000
1!
1,
10
#53760000
0!
0,
00
b10 .
#53780000
1!
1,
10
#53800000
0!
0,
00
b11 .
#53820000
1!
1,
10
#53840000
0!
0,
00
b100 .
#53860000
1!
1,
10
#53880000
0!
0,
00
1-
b0 .
1#
#53900000
1!
1,
10
1M
#53920000
0!
0,
00
b1 .
#53940000
1!
1,
10
#53960000
0!
0,
00
b10 .
#53980000
1!
1,
10
#54000000
0!
0,
00
b11 .
#54020000
1!
1,
10
#54040000
0!
0,
00
b100 .
#54060000
1!
1,
10
#54080000
0!
0,
00
0-
b0 .
0#
#54100000
1!
1,
10
0M
b1111111111111111111111111101000001000011011001100111001100000000 N
b111 P
#54120000
0!
0,
00
b1 .
#54140000
1!
1,
10
#54160000
0!
0,
00
b10 .
#54180000
1!
1,
10
#54200000
0!
0,
00
b11 .
#54220000
1!
1,
10
#54240000
0!
0,
00
b100 .
#54260000
1!
1,
10
#54280000
0!
0,
00
1-
b0 .
1#
#54300000
1!
1,
10
1M
#54320000
0!
0,
00
b1 .
#54340000
1!
1,
10
#54360000
0!
0,
00
b10 .
#54380000
1!
1,
10
#54400000
0!
0,
00
b11 .
#54420000
1!
1,
10
#54440000
0!
0,
00
b100 .
#54460000
1!
1,
10
#54480000
0!
0,
00
0-
b0 .
0#
#54500000
1!
1,
10
0M
b1111111111111111111111111010000010000110110011001110011000000000 N
b1000 P
#54520000
0!
0,
00
b1 .
#54540000
1!
1,
10
#54560000
0!
0,
00
b10 .
#54580000
1!
1,
10
#54600000
0!
0,
00
b11 .
#54620000
1!
1,
10
#54640000
0!
0,
00
b100 .
#54660000
1!
1,
10
#54680000
0!
0,
00
1-
b0 .
1#
#54700000
1!
1,
10
1M
#54720000
0!
0,
00
b1 .
#54740000
1!
1,
10
#54760000
0!
0,
00
b10 .
#54780000
1!
1,
10
#54800000
0!
0,
00
b11 .
#54820000
1!
1,
10
#54840000
0!
0,
00
b100 .
#54860000
1!
1,
10
#54880000
0!
0,
00
0-
b0 .
0#
#54900000
1!
1,
10
0M
b1111111111111111111111110100000100001101100110011100110000000000 N
b1001 P
#54920000
0!
0,
00
b1 .
#54940000
1!
1,
10
#54960000
0!
0,
00
b10 .
#54980000
1!
1,
10
#55000000
0!
0,
00
b11 .
#55020000
1!
1,
10
#55040000
0!
0,
00
b100 .
#55060000
1!
1,
10
#55080000
0!
0,
00
1-
b0 .
1#
#55100000
1!
1,
10
1M
#55120000
0!
0,
00
b1 .
#55140000
1!
1,
10
#55160000
0!
0,
00
b10 .
#55180000
1!
1,
10
#55200000
0!
0,
00
b11 .
#55220000
1!
1,
10
#55240000
0!
0,
00
b100 .
#55260000
1!
1,
10
#55280000
0!
0,
00
0-
b0 .
0#
#55300000
1!
1,
10
0M
b1111111111111111111111101000001000011011001100111001100000000000 N
b1010 P
#55320000
0!
0,
00
b1 .
#55340000
1!
1,
10
#55360000
0!
0,
00
b10 .
#55380000
1!
1,
10
#55400000
0!
0,
00
b11 .
#55420000
1!
1,
10
#55440000
0!
0,
00
b100 .
#55460000
1!
1,
10
#55480000
0!
0,
00
1-
b0 .
1#
#55500000
1!
1,
10
1M
#55520000
0!
0,
00
b1 .
#55540000
1!
1,
10
#55560000
0!
0,
00
b10 .
#55580000
1!
1,
10
#55600000
0!
0,
00
b11 .
#55620000
1!
1,
10
#55640000
0!
0,
00
b100 .
#55660000
1!
1,
10
#55680000
0!
0,
00
0-
b0 .
0#
#55700000
1!
1,
10
0M
b1111111111111111111111010000010000110110011001110011000000000000 N
b1011 P
#55720000
0!
0,
00
b1 .
#55740000
1!
1,
10
#55760000
0!
0,
00
b10 .
#55780000
1!
1,
10
#55800000
0!
0,
00
b11 .
#55820000
1!
1,
10
#55840000
0!
0,
00
b100 .
#55860000
1!
1,
10
#55880000
0!
0,
00
1-
b0 .
1#
#55900000
1!
1,
10
1M
#55920000
0!
0,
00
b1 .
#55940000
1!
1,
10
#55960000
0!
0,
00
b10 .
#55980000
1!
1,
10
#56000000
0!
0,
00
b11 .
#56020000
1!
1,
10
#56040000
0!
0,
00
b100 .
#56060000
1!
1,
10
#56080000
0!
0,
00
0-
b0 .
0#
#56100000
1!
1,
10
0M
b1111111111111111111110100000100001101100110011100110000000000000 N
b1100 P
#56120000
0!
0,
00
b1 .
#56140000
1!
1,
10
#56160000
0!
0,
00
b10 .
#56180000
1!
1,
10
#56200000
0!
0,
00
b11 .
#56220000
1!
1,
10
#56240000
0!
0,
00
b100 .
#56260000
1!
1,
10
#56280000
0!
0,
00
1-
b0 .
1#
#56300000
1!
1,
10
1M
#56320000
0!
0,
00
b1 .
#56340000
1!
1,
10
#56360000
0!
0,
00
b10 .
#56380000
1!
1,
10
#56400000
0!
0,
00
b11 .
#56420000
1!
1,
10
#56440000
0!
0,
00
b100 .
#56460000
1!
1,
10
#56480000
0!
0,
00
0-
b0 .
0#
#56500000
1!
1,
10
0M
b1111111111111111111101000001000011011001100111001100000000000000 N
b1101 P
#56520000
0!
0,
00
b1 .
#56540000
1!
1,
10
#56560000
0!
0,
00
b10 .
#56580000
1!
1,
10
#56600000
0!
0,
00
b11 .
#56620000
1!
1,
10
#56640000
0!
0,
00
b100 .
#56660000
1!
1,
10
#56680000
0!
0,
00
1-
b0 .
1#
#56700000
1!
1,
10
1M
#56720000
0!
0,
00
b1 .
#56740000
1!
1,
10
#56760000
0!
0,
00
b10 .
#56780000
1!
1,
10
#56800000
0!
0,
00
b11 .
#56820000
1!
1,
10
#56840000
0!
0,
00
b100 .
#56860000
1!
1,
10
#56880000
0!
0,
00
0-
b0 .
0#
#56900000
1!
1,
10
0M
b1111111111111111111010000010000110110011001110011000000000000000 N
b1110 P
#56920000
0!
0,
00
b1 .
#56940000
1!
1,
10
#56960000
0!
0,
00
b10 .
#56980000
1!
1,
10
#57000000
0!
0,
00
b11 .
#57020000
1!
1,
10
#57040000
0!
0,
00
b100 .
#57060000
1!
1,
10
#57080000
0!
0,
00
1-
b0 .
1#
#57100000
1!
1,
10
1M
#57120000
0!
0,
00
b1 .
#57140000
1!
1,
10
#57160000
0!
0,
00
b10 .
#57180000
1!
1,
10
#57200000
0!
0,
00
b11 .
#57220000
1!
1,
10
#57240000
0!
0,
00
b100 .
#57260000
1!
1,
10
#57280000
0!
0,
00
0-
b0 .
0#
#57300000
1!
1,
10
0M
b1111111111111111110100000100001101100110011100110000000000000000 N
b1111 P
#57320000
0!
0,
00
b1 .
#57340000
1!
1,
10
#57360000
0!
0,
00
b10 .
#57380000
1!
1,
10
#57400000
0!
0,
00
b11 .
#57420000
1!
1,
10
#57440000
0!
0,
00
b100 .
#57460000
1!
1,
10
#57480000
0!
0,
00
1-
b0 .
1#
#57500000
1!
1,
10
1M
#57520000
0!
0,
00
b1 .
#57540000
1!
1,
10
#57560000
0!
0,
00
b10 .
#57580000
1!
1,
10
#57600000
0!
0,
00
b11 .
#57620000
1!
1,
10
#57640000
0!
0,
00
b100 .
#57660000
1!
1,
10
#57680000
0!
0,
00
0-
b0 .
0#
#57700000
1!
1,
10
0M
b1111111111111111101000001000011011001100111001100000000000000000 N
b10000 P
#57720000
0!
0,
00
b1 .
#57740000
1!
1,
10
#57760000
0!
0,
00
b10 .
#57780000
1!
1,
10
#57800000
0!
0,
00
b11 .
#57820000
1!
1,
10
#57840000
0!
0,
00
b100 .
#57860000
1!
1,
10
#57880000
0!
0,
00
1-
b0 .
1#
#57900000
1!
1,
10
1M
#57920000
0!
0,
00
b1 .
#57940000
1!
1,
10
#57960000
0!
0,
00
b10 .
#57980000
1!
1,
10
#58000000
0!
0,
00
b11 .
#58020000
1!
1,
10
#58040000
0!
0,
00
b100 .
#58060000
1!
1,
10
#58080000
0!
0,
00
0-
b0 .
0#
#58100000
1!
1,
10
0M
b1111111111111111010000010000110110011001110011000000000000000000 N
b10001 P
#58120000
0!
0,
00
b1 .
#58140000
1!
1,
10
#58160000
0!
0,
00
b10 .
#58180000
1!
1,
10
#58200000
0!
0,
00
b11 .
#58220000
1!
1,
10
#58240000
0!
0,
00
b100 .
#58260000
1!
1,
10
#58280000
0!
0,
00
1-
b0 .
1#
#58300000
1!
1,
10
1M
#58320000
0!
0,
00
b1 .
#58340000
1!
1,
10
#58360000
0!
0,
00
b10 .
#58380000
1!
1,
10
#58400000
0!
0,
00
b11 .
#58420000
1!
1,
10
#58440000
0!
0,
00
b100 .
#58460000
1!
1,
10
#58480000
0!
0,
00
0-
b0 .
0#
#58500000
1!
1,
10
0M
b1111111111111110100000100001101100110011100110000000000000000000 N
b10010 P
#58520000
0!
0,
00
b1 .
#58540000
1!
1,
10
#58560000
0!
0,
00
b10 .
#58580000
1!
1,
10
#58600000
0!
0,
00
b11 .
#58620000
1!
1,
10
#58640000
0!
0,
00
b100 .
#58660000
1!
1,
10
#58680000
0!
0,
00
1-
b0 .
1#
#58700000
1!
1,
10
1M
#58720000
0!
0,
00
b1 .
#58740000
1!
1,
10
#58760000
0!
0,
00
b10 .
#58780000
1!
1,
10
#58800000
0!
0,
00
b11 .
#58820000
1!
1,
10
#58840000
0!
0,
00
b100 .
#58860000
1!
1,
10
#58880000
0!
0,
00
0-
b0 .
0#
#58900000
1!
1,
10
0M
b1111111111111101000001000011011001100111001100000000000000000000 N
b10011 P
#58920000
0!
0,
00
b1 .
#58940000
1!
1,
10
#58960000
0!
0,
00
b10 .
#58980000
1!
1,
10
#59000000
0!
0,
00
b11 .
#59020000
1!
1,
10
#59040000
0!
0,
00
b100 .
#59060000
1!
1,
10
#59080000
0!
0,
00
1-
b0 .
1#
#59100000
1!
1,
10
1M
#59120000
0!
0,
00
b1 .
#59140000
1!
1,
10
#59160000
0!
0,
00
b10 .
#59180000
1!
1,
10
#59200000
0!
0,
00
b11 .
#59220000
1!
1,
10
#59240000
0!
0,
00
b100 .
#59260000
1!
1,
10
#59280000
0!
0,
00
0-
b0 .
0#
#59300000
1!
1,
10
0M
b1111111111111010000010000110110011001110011000000000000000000000 N
b10100 P
#59320000
0!
0,
00
b1 .
#59340000
1!
1,
10
#59360000
0!
0,
00
b10 .
#59380000
1!
1,
10
#59400000
0!
0,
00
b11 .
#59420000
1!
1,
10
#59440000
0!
0,
00
b100 .
#59460000
1!
1,
10
#59480000
0!
0,
00
1-
b0 .
1#
#59500000
1!
1,
10
1M
#59520000
0!
0,
00
b1 .
#59540000
1!
1,
10
#59560000
0!
0,
00
b10 .
#59580000
1!
1,
10
#59600000
0!
0,
00
b11 .
#59620000
1!
1,
10
#59640000
0!
0,
00
b100 .
#59660000
1!
1,
10
#59680000
0!
0,
00
0-
b0 .
0#
#59700000
1!
1,
10
0M
b1111111111110100000100001101100110011100110000000000000000000000 N
b10101 P
#59720000
0!
0,
00
b1 .
#59740000
1!
1,
10
#59760000
0!
0,
00
b10 .
#59780000
1!
1,
10
#59800000
0!
0,
00
b11 .
#59820000
1!
1,
10
#59840000
0!
0,
00
b100 .
#59860000
1!
1,
10
#59880000
0!
0,
00
1-
b0 .
1#
#59900000
1!
1,
10
1M
#59920000
0!
0,
00
b1 .
#59940000
1!
1,
10
#59960000
0!
0,
00
b10 .
#59980000
1!
1,
10
#60000000
0!
0,
00
b11 .
#60020000
1!
1,
10
#60040000
0!
0,
00
b100 .
#60060000
1!
1,
10
#60080000
0!
0,
00
0-
b0 .
0#
#60100000
1!
1,
10
0M
b1111111111101000001000011011001100111001100000000000000000000000 N
b10110 P
#60120000
0!
0,
00
b1 .
#60140000
1!
1,
10
#60160000
0!
0,
00
b10 .
#60180000
1!
1,
10
#60200000
0!
0,
00
b11 .
#60220000
1!
1,
10
#60240000
0!
0,
00
b100 .
#60260000
1!
1,
10
#60280000
0!
0,
00
1-
b0 .
1#
#60300000
1!
1,
10
1M
#60320000
0!
0,
00
b1 .
#60340000
1!
1,
10
#60360000
0!
0,
00
b10 .
#60380000
1!
1,
10
#60400000
0!
0,
00
b11 .
#60420000
1!
1,
10
#60440000
0!
0,
00
b100 .
#60460000
1!
1,
10
#60480000
0!
0,
00
0-
b0 .
0#
#60500000
1!
1,
10
0M
b1111111111010000010000110110011001110011000000000000000000000000 N
b10111 P
#60520000
0!
0,
00
b1 .
#60540000
1!
1,
10
#60560000
0!
0,
00
b10 .
#60580000
1!
1,
10
#60600000
0!
0,
00
b11 .
#60620000
1!
1,
10
#60640000
0!
0,
00
b100 .
#60660000
1!
1,
10
#60680000
0!
0,
00
1-
b0 .
1#
#60700000
1!
1,
10
1M
#60720000
0!
0,
00
b1 .
#60740000
1!
1,
10
#60760000
0!
0,
00
b10 .
#60780000
1!
1,
10
#60800000
0!
0,
00
b11 .
#60820000
1!
1,
10
#60840000
0!
0,
00
b100 .
#60860000
1!
1,
10
#60880000
0!
0,
00
0-
b0 .
0#
#60900000
1!
1,
10
0M
b1111111110100000100001101100110011100110000000000000000000000000 N
b11000 P
#60920000
0!
0,
00
b1 .
#60940000
1!
1,
10
#60960000
0!
0,
00
b10 .
#60980000
1!
1,
10
#61000000
0!
0,
00
b11 .
#61020000
1!
1,
10
#61040000
0!
0,
00
b100 .
#61060000
1!
1,
10
#61080000
0!
0,
00
1-
b0 .
1#
#61100000
1!
1,
10
1M
#61120000
0!
0,
00
b1 .
#61140000
1!
1,
10
#61160000
0!
0,
00
b10 .
#61180000
1!
1,
10
#61200000
0!
0,
00
b11 .
#61220000
1!
1,
10
#61240000
0!
0,
00
b100 .
#61260000
1!
1,
10
#61280000
0!
0,
00
0-
b0 .
0#
#61300000
1!
1,
10
0M
b1111111101000001000011011001100111001100000000000000000000000000 N
b11001 P
#61320000
0!
0,
00
b1 .
#61340000
1!
1,
10
#61360000
0!
0,
00
b10 .
#61380000
1!
1,
10
#61400000
0!
0,
00
b11 .
#61420000
1!
1,
10
#61440000
0!
0,
00
b100 .
#61460000
1!
1,
10
#61480000
0!
0,
00
1-
b0 .
1#
#61500000
1!
1,
10
1M
#61520000
0!
0,
00
b1 .
#61540000
1!
1,
10
#61560000
0!
0,
00
b10 .
#61580000
1!
1,
10
#61600000
0!
0,
00
b11 .
#61620000
1!
1,
10
#61640000
0!
0,
00
b100 .
#61660000
1!
1,
10
#61680000
0!
0,
00
0-
b0 .
0#
#61700000
1!
1,
10
0M
b1111111010000010000110110011001110011000000000000000000000000000 N
b11010 P
#61720000
0!
0,
00
b1 .
#61740000
1!
1,
10
#61760000
0!
0,
00
b10 .
#61780000
1!
1,
10
#61800000
0!
0,
00
b11 .
#61820000
1!
1,
10
#61840000
0!
0,
00
b100 .
#61860000
1!
1,
10
#61880000
0!
0,
00
1-
b0 .
1#
#61900000
1!
1,
10
1M
#61920000
0!
0,
00
b1 .
#61940000
1!
1,
10
#61960000
0!
0,
00
b10 .
#61980000
1!
1,
10
#62000000
0!
0,
00
b11 .
#62020000
1!
1,
10
#62040000
0!
0,
00
b100 .
#62060000
1!
1,
10
#62080000
0!
0,
00
0-
b0 .
0#
#62100000
1!
1,
10
0M
b1111110100000100001101100110011100110000000000000000000000000000 N
b11011 P
#62120000
0!
0,
00
b1 .
#62140000
1!
1,
10
#62160000
0!
0,
00
b10 .
#62180000
1!
1,
10
#62200000
0!
0,
00
b11 .
#62220000
1!
1,
10
#62240000
0!
0,
00
b100 .
#62260000
1!
1,
10
#62280000
0!
0,
00
1-
b0 .
1#
#62300000
1!
1,
10
1M
#62320000
0!
0,
00
b1 .
#62340000
1!
1,
10
#62360000
0!
0,
00
b10 .
#62380000
1!
1,
10
#62400000
0!
0,
00
b11 .
#62420000
1!
1,
10
#62440000
0!
0,
00
b100 .
#62460000
1!
1,
10
#62480000
0!
0,
00
0-
b0 .
0#
#62500000
1!
1,
10
0M
b1111101000001000011011001100111001100000000000000000000000000000 N
b11100 P
#62520000
0!
0,
00
b1 .
#62540000
1!
1,
10
#62560000
0!
0,
00
b10 .
#62580000
1!
1,
10
#62600000
0!
0,
00
b11 .
#62620000
1!
1,
10
#62640000
0!
0,
00
b100 .
#62660000
1!
1,
10
#62680000
0!
0,
00
1-
b0 .
1#
#62700000
1!
1,
10
1M
#62720000
0!
0,
00
b1 .
#62740000
1!
1,
10
#62760000
0!
0,
00
b10 .
#62780000
1!
1,
10
#62800000
0!
0,
00
b11 .
#62820000
1!
1,
10
#62840000
0!
0,
00
b100 .
#62860000
1!
1,
10
#62880000
0!
0,
00
0-
b0 .
0#
#62900000
1!
1,
10
0M
b1111010000010000110110011001110011000000000000000000000000000000 N
b11101 P
#62920000
0!
0,
00
b1 .
#62940000
1!
1,
10
#62960000
0!
0,
00
b10 .
#62980000
1!
1,
10
#63000000
0!
0,
00
b11 .
#63020000
1!
1,
10
#63040000
0!
0,
00
b100 .
#63060000
1!
1,
10
#63080000
0!
0,
00
1-
b0 .
1#
#63100000
1!
1,
10
1M
#63120000
0!
0,
00
b1 .
#63140000
1!
1,
10
#63160000
0!
0,
00
b10 .
#63180000
1!
1,
10
#63200000
0!
0,
00
b11 .
#63220000
1!
1,
10
#63240000
0!
0,
00
b100 .
#63260000
1!
1,
10
#63280000
0!
0,
00
0-
b0 .
0#
#63300000
1!
1,
10
0M
b1110100000100001101100110011100110000000000000000000000000000000 N
b11110 P
#63320000
0!
0,
00
b1 .
#63340000
1!
1,
10
#63360000
0!
0,
00
b10 .
#63380000
1!
1,
10
#63400000
0!
0,
00
b11 .
#63420000
1!
1,
10
#63440000
0!
0,
00
b100 .
#63460000
1!
1,
10
#63480000
0!
0,
00
1-
b0 .
1#
#63500000
1!
1,
10
1M
#63520000
0!
0,
00
b1 .
#63540000
1!
1,
10
#63560000
0!
0,
00
b10 .
#63580000
1!
1,
10
#63600000
0!
0,
00
b11 .
#63620000
1!
1,
10
#63640000
0!
0,
00
b100 .
#63660000
1!
1,
10
#63680000
0!
0,
00
0-
b0 .
0#
#63700000
1!
1,
10
0M
b1101000001000011011001100111001100000000000000000000000000000000 N
b11111 P
#63720000
0!
0,
00
b1 .
#63740000
1!
1,
10
#63760000
0!
0,
00
b10 .
#63780000
1!
1,
10
#63800000
0!
0,
00
b11 .
#63820000
1!
1,
10
#63840000
0!
0,
00
b100 .
#63860000
1!
1,
10
#63880000
0!
0,
00
1-
b0 .
1#
#63900000
1!
1,
10
1M
#63920000
0!
0,
00
b1 .
#63940000
1!
1,
10
#63960000
0!
0,
00
b10 .
#63980000
1!
1,
10
#64000000
0!
0,
00
b11 .
#64020000
1!
1,
10
#64040000
0!
0,
00
b100 .
#64060000
1!
1,
10
#64080000
0!
0,
00
0-
b0 .
0#
#64100000
1!
1,
10
0M
b1010000010000110110011001110011000000000000000000000000000000000 N
b100000 P
#64120000
0!
0,
00
b1 .
#64140000
1!
1,
10
#64160000
0!
0,
00
b10 .
#64180000
1!
1,
10
#64200000
0!
0,
00
b11 .
#64220000
1!
1,
10
#64240000
0!
0,
00
b100 .
#64260000
1!
1,
10
#64280000
0!
0,
00
1-
b0 .
1#
#64300000
1!
1,
10
1M
#64320000
0!
0,
00
b1 .
#64340000
1!
1,
10
#64360000
0!
0,
00
b10 .
#64380000
1!
1,
10
#64400000
0!
0,
00
b11 .
#64420000
1!
1,
10
#64440000
0!
0,
00
b100 .
#64460000
1!
1,
10
#64480000
0!
0,
00
0-
b0 .
0#
#64500000
1!
1,
10
0M
b100000100001101100110011100110000000000000000000000000000000000 N
b100001 P
0(
#64520000
0!
0,
00
b1 .
#64540000
1!
1,
10
#64560000
0!
0,
00
b10 .
#64580000
1!
1,
10
#64600000
0!
0,
00
b11 .
#64620000
1!
1,
10
#64640000
0!
0,
00
b100 .
#64660000
1!
1,
10
#64680000
0!
0,
00
1-
b0 .
1#
#64700000
1!
1,
10
1M
#64720000
0!
0,
00
b1 .
#64740000
1!
1,
10
#64760000
0!
0,
00
b10 .
#64780000
1!
1,
10
#64800000
0!
0,
00
b11 .
#64820000
1!
1,
10
#64840000
0!
0,
00
b100 .
#64860000
1!
1,
10
#64880000
0!
0,
00
0-
b0 .
0#
#64900000
1!
1,
10
0M
b1000001000011011001100111001100000000000000000000000000000000000 N
b100010 P
1(
#64920000
0!
0,
00
b1 .
#64940000
1!
1,
10
#64960000
0!
0,
00
b10 .
#64980000
1!
1,
10
#65000000
0!
0,
00
b11 .
#65020000
1!
1,
10
#65040000
0!
0,
00
b100 .
#65060000
1!
1,
10
#65080000
0!
0,
00
1-
b0 .
1#
#65100000
1!
1,
10
1M
#65120000
0!
0,
00
b1 .
#65140000
1!
1,
10
#65160000
0!
0,
00
b10 .
#65180000
1!
1,
10
#65200000
0!
0,
00
b11 .
#65220000
1!
1,
10
#65240000
0!
0,
00
b100 .
#65260000
1!
1,
10
#65280000
0!
0,
00
0-
b0 .
0#
#65300000
1!
1,
10
0M
b10000110110011001110011000000000000000000000000000000000000 N
b100011 P
0(
#65320000
0!
0,
00
b1 .
#65340000
1!
1,
10
#65360000
0!
0,
00
b10 .
#65380000
1!
1,
10
#65400000
0!
0,
00
b11 .
#65420000
1!
1,
10
#65440000
0!
0,
00
b100 .
#65460000
1!
1,
10
#65480000
0!
0,
00
1-
b0 .
1#
#65500000
1!
1,
10
1M
#65520000
0!
0,
00
b1 .
#65540000
1!
1,
10
#65560000
0!
0,
00
b10 .
#65580000
1!
1,
10
#65600000
0!
0,
00
b11 .
#65620000
1!
1,
10
#65640000
0!
0,
00
b100 .
#65660000
1!
1,
10
#65680000
0!
0,
00
0-
b0 .
0#
#65700000
1!
1,
10
0M
b100001101100110011100110000000000000000000000000000000000000 N
b100100 P
#65720000
0!
0,
00
b1 .
#65740000
1!
1,
10
#65760000
0!
0,
00
b10 .
#65780000
1!
1,
10
#65800000
0!
0,
00
b11 .
#65820000
1!
1,
10
#65840000
0!
0,
00
b100 .
#65860000
1!
1,
10
#65880000
0!
0,
00
1-
b0 .
1#
#65900000
1!
1,
10
1M
#65920000
0!
0,
00
b1 .
#65940000
1!
1,
10
#65960000
0!
0,
00
b10 .
#65980000
1!
1,
10
#66000000
0!
0,
00
b11 .
#66020000
1!
1,
10
#66040000
0!
0,
00
b100 .
#66060000
1!
1,
10
#66080000
0!
0,
00
0-
b0 .
0#
#66100000
1!
1,
10
0M
b1000011011001100111001100000000000000000000000000000000000000 N
b100101 P
#66120000
0!
0,
00
b1 .
#66140000
1!
1,
10
#66160000
0!
0,
00
b10 .
#66180000
1!
1,
10
#66200000
0!
0,
00
b11 .
#66220000
1!
1,
10
#66240000
0!
0,
00
b100 .
#66260000
1!
1,
10
#66280000
0!
0,
00
1-
b0 .
1#
#66300000
1!
1,
10
1M
#66320000
0!
0,
00
b1 .
#66340000
1!
1,
10
#66360000
0!
0,
00
b10 .
#66380000
1!
1,
10
#66400000
0!
0,
00
b11 .
#66420000
1!
1,
10
#66440000
0!
0,
00
b100 .
#66460000
1!
1,
10
#66480000
0!
0,
00
0-
b0 .
0#
#66500000
1!
1,
10
0M
b10000110110011001110011000000000000000000000000000000000000000 N
b100110 P
#66520000
0!
0,
00
b1 .
#66540000
1!
1,
10
#66560000
0!
0,
00
b10 .
#66580000
1!
1,
10
#66600000
0!
0,
00
b11 .
#66620000
1!
1,
10
#66640000
0!
0,
00
b100 .
#66660000
1!
1,
10
#66680000
0!
0,
00
1-
b0 .
1#
#66700000
1!
1,
10
1M
#66720000
0!
0,
00
b1 .
#66740000
1!
1,
10
#66760000
0!
0,
00
b10 .
#66780000
1!
1,
10
#66800000
0!
0,
00
b11 .
#66820000
1!
1,
10
#66840000
0!
0,
00
b100 .
#66860000
1!
1,
10
#66880000
0!
0,
00
0-
b0 .
0#
#66900000
1!
1,
10
0M
b100001101100110011100110000000000000000000000000000000000000000 N
b100111 P
#66920000
0!
0,
00
b1 .
#66940000
1!
1,
10
#66960000
0!
0,
00
b10 .
#66980000
1!
1,
10
#67000000
0!
0,
00
b11 .
#67020000
1!
1,
10
#67040000
0!
0,
00
b100 .
#67060000
1!
1,
10
#67080000
0!
0,
00
1-
b0 .
1#
#67100000
1!
1,
10
1M
#67120000
0!
0,
00
b1 .
#67140000
1!
1,
10
#67160000
0!
0,
00
b10 .
#67180000
1!
1,
10
#67200000
0!
0,
00
b11 .
#67220000
1!
1,
10
#67240000
0!
0,
00
b100 .
#67260000
1!
1,
10
#67280000
0!
0,
00
0-
b0 .
0#
#67300000
1!
1,
10
0M
b1000011011001100111001100000000000000000000000000000000000000000 N
b101000 P
1(
#67320000
0!
0,
00
b1 .
#67340000
1!
1,
10
#67360000
0!
0,
00
b10 .
#67380000
1!
1,
10
#67400000
0!
0,
00
b11 .
#67420000
1!
1,
10
#67440000
0!
0,
00
b100 .
#67460000
1!
1,
10
#67480000
0!
0,
00
1-
b0 .
1#
#67500000
1!
1,
10
1M
#67520000
0!
0,
00
b1 .
#67540000
1!
1,
10
#67560000
0!
0,
00
b10 .
#67580000
1!
1,
10
#67600000
0!
0,
00
b11 .
#67620000
1!
1,
10
#67640000
0!
0,
00
b100 .
#67660000
1!
1,
10
#67680000
0!
0,
00
0-
b0 .
0#
#67700000
1!
1,
10
0M
b110110011001110011000000000000000000000000000000000000000000 N
b101001 P
0(
#67720000
0!
0,
00
b1 .
#67740000
1!
1,
10
#67760000
0!
0,
00
b10 .
#67780000
1!
1,
10
#67800000
0!
0,
00
b11 .
#67820000
1!
1,
10
#67840000
0!
0,
00
b100 .
#67860000
1!
1,
10
#67880000
0!
0,
00
1-
b0 .
1#
#67900000
1!
1,
10
1M
#67920000
0!
0,
00
b1 .
#67940000
1!
1,
10
#67960000
0!
0,
00
b10 .
#67980000
1!
1,
10
#68000000
0!
0,
00
b11 .
#68020000
1!
1,
10
#68040000
0!
0,
00
b100 .
#68060000
1!
1,
10
#68080000
0!
0,
00
0-
b0 .
0#
#68100000
1!
1,
10
0M
b1101100110011100110000000000000000000000000000000000000000000 N
b101010 P
#68120000
0!
0,
00
b1 .
#68140000
1!
1,
10
#68160000
0!
0,
00
b10 .
#68180000
1!
1,
10
#68200000
0!
0,
00
b11 .
#68220000
1!
1,
10
#68240000
0!
0,
00
b100 .
#68260000
1!
1,
10
#68280000
0!
0,
00
1-
b0 .
1#
#68300000
1!
1,
10
1M
#68320000
0!
0,
00
b1 .
#68340000
1!
1,
10
#68360000
0!
0,
00
b10 .
#68380000
1!
1,
10
#68400000
0!
0,
00
b11 .
#68420000
1!
1,
10
#68440000
0!
0,
00
b100 .
#68460000
1!
1,
10
#68480000
0!
0,
00
0-
b0 .
0#
#68500000
1!
1,
10
0M
b11011001100111001100000000000000000000000000000000000000000000 N
b101011 P
#68520000
0!
0,
00
b1 .
#68540000
1!
1,
10
#68560000
0!
0,
00
b10 .
#68580000
1!
1,
10
#68600000
0!
0,
00
b11 .
#68620000
1!
1,
10
#68640000
0!
0,
00
b100 .
#68660000
1!
1,
10
#68680000
0!
0,
00
1-
b0 .
1#
#68700000
1!
1,
10
1M
#68720000
0!
0,
00
b1 .
#68740000
1!
1,
10
#68760000
0!
0,
00
b10 .
#68780000
1!
1,
10
#68800000
0!
0,
00
b11 .
#68820000
1!
1,
10
#68840000
0!
0,
00
b100 .
#68860000
1!
1,
10
#68880000
0!
0,
00
0-
b0 .
0#
#68900000
1!
1,
10
0M
b110110011001110011000000000000000000000000000000000000000000000 N
b101100 P
#68920000
0!
0,
00
b1 .
#68940000
1!
1,
10
#68960000
0!
0,
00
b10 .
#68980000
1!
1,
10
#69000000
0!
0,
00
b11 .
#69020000
1!
1,
10
#69040000
0!
0,
00
b100 .
#69060000
1!
1,
10
#69080000
0!
0,
00
1-
b0 .
1#
#69100000
1!
1,
10
1M
#69120000
0!
0,
00
b1 .
#69140000
1!
1,
10
#69160000
0!
0,
00
b10 .
#69180000
1!
1,
10
#69200000
0!
0,
00
b11 .
#69220000
1!
1,
10
#69240000
0!
0,
00
b100 .
#69260000
1!
1,
10
#69280000
0!
0,
00
0-
b0 .
0#
#69300000
1!
1,
10
0M
b1101100110011100110000000000000000000000000000000000000000000000 N
b101101 P
1(
#69320000
0!
0,
00
b1 .
#69340000
1!
1,
10
#69360000
0!
0,
00
b10 .
#69380000
1!
1,
10
#69400000
0!
0,
00
b11 .
#69420000
1!
1,
10
#69440000
0!
0,
00
b100 .
#69460000
1!
1,
10
#69480000
0!
0,
00
1-
b0 .
1#
#69500000
1!
1,
10
1M
#69520000
0!
0,
00
b1 .
#69540000
1!
1,
10
#69560000
0!
0,
00
b10 .
#69580000
1!
1,
10
#69600000
0!
0,
00
b11 .
#69620000
1!
1,
10
#69640000
0!
0,
00
b100 .
#69660000
1!
1,
10
#69680000
0!
0,
00
0-
b0 .
0#
#69700000
1!
1,
10
0M
b1011001100111001100000000000000000000000000000000000000000000000 N
b101110 P
#69720000
0!
0,
00
b1 .
#69740000
1!
1,
10
#69760000
0!
0,
00
b10 .
#69780000
1!
1,
10
#69800000
0!
0,
00
b11 .
#69820000
1!
1,
10
#69840000
0!
0,
00
b100 .
#69860000
1!
1,
10
#69880000
0!
0,
00
1-
b0 .
1#
#69900000
1!
1,
10
1M
#69920000
0!
0,
00
b1 .
#69940000
1!
1,
10
#69960000
0!
0,
00
b10 .
#69980000
1!
1,
10
#70000000
0!
0,
00
b11 .
#70020000
1!
1,
10
#70040000
0!
0,
00
b100 .
#70060000
1!
1,
10
#70080000
0!
0,
00
0-
b0 .
0#
#70100000
1!
1,
10
0M
b110011001110011000000000000000000000000000000000000000000000000 N
b101111 P
0(
#70120000
0!
0,
00
b1 .
#70140000
1!
1,
10
#70160000
0!
0,
00
b10 .
#70180000
1!
1,
10
#70200000
0!
0,
00
b11 .
#70220000
1!
1,
10
#70240000
0!
0,
00
b100 .
#70260000
1!
1,
10
#70280000
0!
0,
00
1-
b0 .
1#
#70300000
1!
1,
10
1M
#70320000
0!
0,
00
b1 .
#70340000
1!
1,
10
#70360000
0!
0,
00
b10 .
#70380000
1!
1,
10
#70400000
0!
0,
00
b11 .
#70420000
1!
1,
10
#70440000
0!
0,
00
b100 .
#70460000
1!
1,
10
#70480000
0!
0,
00
0-
b0 .
0#
#70500000
1!
1,
10
0M
b1100110011100110000000000000000000000000000000000000000000000000 N
b110000 P
1(
#70520000
0!
0,
00
b1 .
#70540000
1!
1,
10
#70560000
0!
0,
00
b10 .
#70580000
1!
1,
10
#70600000
0!
0,
00
b11 .
#70620000
1!
1,
10
#70640000
0!
0,
00
b100 .
#70660000
1!
1,
10
#70680000
0!
0,
00
1-
b0 .
1#
#70700000
1!
1,
10
1M
#70720000
0!
0,
00
b1 .
#70740000
1!
1,
10
#70760000
0!
0,
00
b10 .
#70780000
1!
1,
10
#70800000
0!
0,
00
b11 .
#70820000
1!
1,
10
#70840000
0!
0,
00
b100 .
#70860000
1!
1,
10
#70880000
0!
0,
00
0-
b0 .
0#
#70900000
1!
1,
10
0M
b1001100111001100000000000000000000000000000000000000000000000000 N
b110001 P
#70920000
0!
0,
00
b1 .
#70940000
1!
1,
10
#70960000
0!
0,
00
b10 .
#70980000
1!
1,
10
#71000000
0!
0,
00
b11 .
#71020000
1!
1,
10
#71040000
0!
0,
00
b100 .
#71060000
1!
1,
10
#71080000
0!
0,
00
1-
b0 .
1#
#71100000
1!
1,
10
1M
#71120000
0!
0,
00
b1 .
#71140000
1!
1,
10
#71160000
0!
0,
00
b10 .
#71180000
1!
1,
10
#71200000
0!
0,
00
b11 .
#71220000
1!
1,
10
#71240000
0!
0,
00
b100 .
#71260000
1!
1,
10
#71280000
0!
0,
00
0-
b0 .
0#
#71300000
1!
1,
10
0M
b11001110011000000000000000000000000000000000000000000000000000 N
b110010 P
0(
#71320000
0!
0,
00
b1 .
#71340000
1!
1,
10
#71360000
0!
0,
00
b10 .
#71380000
1!
1,
10
#71400000
0!
0,
00
b11 .
#71420000
1!
1,
10
#71440000
0!
0,
00
b100 .
#71460000
1!
1,
10
#71480000
0!
0,
00
1-
b0 .
1#
#71500000
1!
1,
10
1M
#71520000
0!
0,
00
b1 .
#71540000
1!
1,
10
#71560000
0!
0,
00
b10 .
#71580000
1!
1,
10
#71600000
0!
0,
00
b11 .
#71620000
1!
1,
10
#71640000
0!
0,
00
b100 .
#71660000
1!
1,
10
#71680000
0!
0,
00
0-
b0 .
0#
#71700000
1!
1,
10
0M
b110011100110000000000000000000000000000000000000000000000000000 N
b110011 P
#71720000
0!
0,
00
b1 .
#71740000
1!
1,
10
#71760000
0!
0,
00
b10 .
#71780000
1!
1,
10
#71800000
0!
0,
00
b11 .
#71820000
1!
1,
10
#71840000
0!
0,
00
b100 .
#71860000
1!
1,
10
#71880000
0!
0,
00
1-
b0 .
1#
#71900000
1!
1,
10
1M
#71920000
0!
0,
00
b1 .
#71940000
1!
1,
10
#71960000
0!
0,
00
b10 .
#71980000
1!
1,
10
#72000000
0!
0,
00
b11 .
#72020000
1!
1,
10
#72040000
0!
0,
00
b100 .
#72060000
1!
1,
10
#72080000
0!
0,
00
0-
b0 .
0#
#72100000
1!
1,
10
0M
b1100111001100000000000000000000000000000000000000000000000000000 N
b110100 P
1(
#72120000
0!
0,
00
b1 .
#72140000
1!
1,
10
#72160000
0!
0,
00
b10 .
#72180000
1!
1,
10
#72200000
0!
0,
00
b11 .
#72220000
1!
1,
10
#72240000
0!
0,
00
b100 .
#72260000
1!
1,
10
#72280000
0!
0,
00
1-
b0 .
1#
#72300000
1!
1,
10
1M
#72320000
0!
0,
00
b1 .
#72340000
1!
1,
10
#72360000
0!
0,
00
b10 .
#72380000
1!
1,
10
#72400000
0!
0,
00
b11 .
#72420000
1!
1,
10
#72440000
0!
0,
00
b100 .
#72460000
1!
1,
10
#72480000
0!
0,
00
0-
b0 .
0#
#72500000
1!
1,
10
0M
b1001110011000000000000000000000000000000000000000000000000000000 N
b110101 P
#72520000
0!
0,
00
b1 .
#72540000
1!
1,
10
#72560000
0!
0,
00
b10 .
#72580000
1!
1,
10
#72600000
0!
0,
00
b11 .
#72620000
1!
1,
10
#72640000
0!
0,
00
b100 .
#72660000
1!
1,
10
#72680000
0!
0,
00
1-
b0 .
1#
#72700000
1!
1,
10
1M
#72720000
0!
0,
00
b1 .
#72740000
1!
1,
10
#72760000
0!
0,
00
b10 .
#72780000
1!
1,
10
#72800000
0!
0,
00
b11 .
#72820000
1!
1,
10
#72840000
0!
0,
00
b100 .
#72860000
1!
1,
10
#72880000
0!
0,
00
0-
b0 .
0#
#72900000
1!
1,
10
0M
b11100110000000000000000000000000000000000000000000000000000000 N
b110110 P
0(
#72920000
0!
0,
00
b1 .
#72940000
1!
1,
10
#72960000
0!
0,
00
b10 .
#72980000
1!
1,
10
#73000000
0!
0,
00
b11 .
#73020000
1!
1,
10
#73040000
0!
0,
00
b100 .
#73060000
1!
1,
10
#73080000
0!
0,
00
1-
b0 .
1#
#73100000
1!
1,
10
1M
#73120000
0!
0,
00
b1 .
#73140000
1!
1,
10
#73160000
0!
0,
00
b10 .
#73180000
1!
1,
10
#73200000
0!
0,
00
b11 .
#73220000
1!
1,
10
#73240000
0!
0,
00
b100 .
#73260000
1!
1,
10
#73280000
0!
0,
00
0-
b0 .
0#
#73300000
1!
1,
10
0M
b111001100000000000000000000000000000000000000000000000000000000 N
b110111 P
#73320000
0!
0,
00
b1 .
#73340000
1!
1,
10
#73360000
0!
0,
00
b10 .
#73380000
1!
1,
10
#73400000
0!
0,
00
b11 .
#73420000
1!
1,
10
#73440000
0!
0,
00
b100 .
#73460000
1!
1,
10
#73480000
0!
0,
00
1-
b0 .
1#
#73500000
1!
1,
10
1M
#73520000
0!
0,
00
b1 .
#73540000
1!
1,
10
#73560000
0!
0,
00
b10 .
#73580000
1!
1,
10
#73600000
0!
0,
00
b11 .
#73620000
1!
1,
10
#73640000
0!
0,
00
b100 .
#73660000
1!
1,
10
#73680000
0!
0,
00
0-
b0 .
0#
#73700000
1!
1,
10
0M
b1110011000000000000000000000000000000000000000000000000000000000 N
b111000 P
1(
#73720000
0!
0,
00
b1 .
#73740000
1!
1,
10
#73760000
0!
0,
00
b10 .
#73780000
1!
1,
10
#73800000
0!
0,
00
b11 .
#73820000
1!
1,
10
#73840000
0!
0,
00
b100 .
#73860000
1!
1,
10
#73880000
0!
0,
00
1-
b0 .
1#
#73900000
1!
1,
10
1M
#73920000
0!
0,
00
b1 .
#73940000
1!
1,
10
#73960000
0!
0,
00
b10 .
#73980000
1!
1,
10
#74000000
0!
0,
00
b11 .
#74020000
1!
1,
10
#74040000
0!
0,
00
b100 .
#74060000
1!
1,
10
#74080000
0!
0,
00
0-
b0 .
0#
#74100000
1!
1,
10
0M
b1100110000000000000000000000000000000000000000000000000000000000 N
b111001 P
#74120000
0!
0,
00
b1 .
#74140000
1!
1,
10
#74160000
0!
0,
00
b10 .
#74180000
1!
1,
10
#74200000
0!
0,
00
b11 .
#74220000
1!
1,
10
#74240000
0!
0,
00
b100 .
#74260000
1!
1,
10
#74280000
0!
0,
00
1-
b0 .
1#
#74300000
1!
1,
10
1M
#74320000
0!
0,
00
b1 .
#74340000
1!
1,
10
#74360000
0!
0,
00
b10 .
#74380000
1!
1,
10
#74400000
0!
0,
00
b11 .
#74420000
1!
1,
10
#74440000
0!
0,
00
b100 .
#74460000
1!
1,
10
#74480000
0!
0,
00
0-
b0 .
0#
#74500000
1!
1,
10
0M
b1001100000000000000000000000000000000000000000000000000000000000 N
b111010 P
#74520000
0!
0,
00
b1 .
#74540000
1!
1,
10
#74560000
0!
0,
00
b10 .
#74580000
1!
1,
10
#74600000
0!
0,
00
b11 .
#74620000
1!
1,
10
#74640000
0!
0,
00
b100 .
#74660000
1!
1,
10
#74680000
0!
0,
00
1-
b0 .
1#
#74700000
1!
1,
10
1M
#74720000
0!
0,
00
b1 .
#74740000
1!
1,
10
#74760000
0!
0,
00
b10 .
#74780000
1!
1,
10
#74800000
0!
0,
00
b11 .
#74820000
1!
1,
10
#74840000
0!
0,
00
b100 .
#74860000
1!
1,
10
#74880000
0!
0,
00
0-
b0 .
0#
#74900000
1!
1,
10
0M
b11000000000000000000000000000000000000000000000000000000000000 N
b111011 P
0(
#74920000
0!
0,
00
b1 .
#74940000
1!
1,
10
#74960000
0!
0,
00
b10 .
#74980000
1!
1,
10
#75000000
0!
0,
00
b11 .
#75020000
1!
1,
10
#75040000
0!
0,
00
b100 .
#75060000
1!
1,
10
#75080000
0!
0,
00
1-
b0 .
1#
#75100000
1!
1,
10
1M
#75120000
0!
0,
00
b1 .
#75140000
1!
1,
10
#75160000
0!
0,
00
b10 .
#75180000
1!
1,
10
#75200000
0!
0,
00
b11 .
#75220000
1!
1,
10
#75240000
0!
0,
00
b100 .
#75260000
1!
1,
10
#75280000
0!
0,
00
0-
b0 .
0#
#75300000
1!
1,
10
0M
b110000000000000000000000000000000000000000000000000000000000000 N
b111100 P
#75320000
0!
0,
00
b1 .
#75340000
1!
1,
10
#75360000
0!
0,
00
b10 .
#75380000
1!
1,
10
#75400000
0!
0,
00
b11 .
#75420000
1!
1,
10
#75440000
0!
0,
00
b100 .
#75460000
1!
1,
10
#75480000
0!
0,
00
1-
b0 .
1#
#75500000
1!
1,
10
1M
#75520000
0!
0,
00
b1 .
#75540000
1!
1,
10
#75560000
0!
0,
00
b10 .
#75580000
1!
1,
10
#75600000
0!
0,
00
b11 .
#75620000
1!
1,
10
#75640000
0!
0,
00
b100 .
#75660000
1!
1,
10
#75680000
0!
0,
00
0-
b0 .
0#
#75700000
1!
1,
10
0M
b1100000000000000000000000000000000000000000000000000000000000000 N
b111101 P
1(
#75720000
0!
0,
00
b1 .
#75740000
1!
1,
10
#75760000
0!
0,
00
b10 .
#75780000
1!
1,
10
#75800000
0!
0,
00
b11 .
#75820000
1!
1,
10
#75840000
0!
0,
00
b100 .
#75860000
1!
1,
10
#75880000
0!
0,
00
1-
b0 .
1#
#75900000
1!
1,
10
1M
#75920000
0!
0,
00
b1 .
#75940000
1!
1,
10
#75960000
0!
0,
00
b10 .
#75980000
1!
1,
10
#76000000
0!
0,
00
b11 .
#76020000
1!
1,
10
#76040000
0!
0,
00
b100 .
#76060000
1!
1,
10
#76080000
0!
0,
00
0-
b0 .
0#
#76100000
1!
1,
10
0M
b1000000000000000000000000000000000000000000000000000000000000000 N
b111110 P
#76120000
0!
0,
00
b1 .
#76140000
1!
1,
10
#76160000
0!
0,
00
b10 .
#76180000
1!
1,
10
#76200000
0!
0,
00
b11 .
#76220000
1!
1,
10
#76240000
0!
0,
00
b100 .
#76260000
1!
1,
10
#76280000
0!
0,
00
1-
b0 .
1#
#76300000
1!
1,
10
1M
#76320000
0!
0,
00
b1 .
#76340000
1!
1,
10
#76360000
0!
0,
00
b10 .
#76380000
1!
1,
10
#76400000
0!
0,
00
b11 .
#76420000
1!
1,
10
#76440000
0!
0,
00
b100 .
#76460000
1!
1,
10
#76480000
0!
0,
00
0-
b0 .
0#
#76500000
1!
1,
10
0M
b0 N
b111111 P
0(
#76520000
0!
0,
00
b1 .
#76540000
1!
1,
10
#76560000
0!
0,
00
b10 .
#76580000
1!
1,
10
#76600000
0!
0,
00
b11 .
#76620000
1!
1,
10
#76640000
0!
0,
00
b100 .
#76660000
1!
1,
10
#76680000
0!
0,
00
1-
b0 .
1#
#76700000
1!
1,
10
1M
#76720000
0!
0,
00
b1 .
#76740000
1!
1,
10
#76760000
0!
0,
00
b10 .
#76780000
1!
1,
10
#76800000
0!
0,
00
b11 .
#76820000
1!
1,
10
#76840000
0!
0,
00
b100 .
#76860000
1!
1,
10
#76880000
0!
0,
00
0-
b0 .
0#
#76900000
1!
1,
10
0M
b1000000 P
#76920000
0!
0,
00
b1 .
#76940000
1!
1,
10
b0 P
b1111111111111111111111111111111110100000100001101100110011100110 N
1(
#76960000
0!
0,
00
b10 .
#76980000
1!
1,
10
#77000000
0!
0,
00
b11 .
#77020000
1!
1,
10
#77040000
0!
0,
00
b100 .
#77060000
1!
1,
10
#77080000
0!
0,
00
1-
b0 .
1#
#77100000
1!
1,
10
1M
#77120000
0!
0,
00
b1 .
#77140000
1!
1,
10
#77160000
0!
0,
00
b10 .
#77180000
1!
1,
10
#77200000
0!
0,
00
b11 .
#77220000
1!
1,
10
#77240000
0!
0,
00
b100 .
#77260000
1!
1,
10
#77280000
0!
0,
00
0-
b0 .
0#
#77300000
1!
1,
10
0M
b1111111111111111111111111111111101000001000011011001100111001100 N
b1 P
#77320000
0!
0,
00
b1 .
#77340000
1!
1,
10
#77360000
0!
0,
00
b10 .
#77380000
1!
1,
10
#77400000
0!
0,
00
b11 .
#77420000
1!
1,
10
#77440000
0!
0,
00
b100 .
#77460000
1!
1,
10
#77480000
0!
0,
00
1-
b0 .
1#
#77500000
1!
1,
10
1M
#77520000
0!
0,
00
b1 .
#77540000
1!
1,
10
#77560000
0!
0,
00
b10 .
#77580000
1!
1,
10
#77600000
0!
0,
00
b11 .
#77620000
1!
1,
10
#77640000
0!
0,
00
b100 .
#77660000
1!
1,
10
#77680000
0!
0,
00
0-
b0 .
0#
#77700000
1!
1,
10
0M
b1111111111111111111111111111111010000010000110110011001110011000 N
b10 P
#77720000
0!
0,
00
b1 .
#77740000
1!
1,
10
#77760000
0!
0,
00
b10 .
#77780000
1!
1,
10
#77800000
0!
0,
00
b11 .
#77820000
1!
1,
10
#77840000
0!
0,
00
b100 .
#77860000
1!
1,
10
#77880000
0!
0,
00
1-
b0 .
1#
#77900000
1!
1,
10
1M
#77920000
0!
0,
00
b1 .
#77940000
1!
1,
10
#77960000
0!
0,
00
b10 .
#77980000
1!
1,
10
#78000000
0!
0,
00
b11 .
#78020000
1!
1,
10
#78040000
0!
0,
00
b100 .
#78060000
1!
1,
10
#78080000
0!
0,
00
0-
b0 .
0#
#78100000
1!
1,
10
0M
b1111111111111111111111111111110100000100001101100110011100110000 N
b11 P
#78120000
0!
0,
00
b1 .
#78140000
1!
1,
10
#78160000
0!
0,
00
b10 .
#78180000
1!
1,
10
#78200000
0!
0,
00
b11 .
#78220000
1!
1,
10
#78240000
0!
0,
00
b100 .
#78260000
1!
1,
10
#78280000
0!
0,
00
1-
b0 .
1#
#78300000
1!
1,
10
1M
#78320000
0!
0,
00
b1 .
#78340000
1!
1,
10
#78360000
0!
0,
00
b10 .
#78380000
1!
1,
10
#78400000
0!
0,
00
b11 .
#78420000
1!
1,
10
#78440000
0!
0,
00
b100 .
#78460000
1!
1,
10
#78480000
0!
0,
00
0-
b0 .
0#
#78500000
1!
1,
10
0M
b1111111111111111111111111111101000001000011011001100111001100000 N
b100 P
#78520000
0!
0,
00
b1 .
#78540000
1!
1,
10
#78560000
0!
0,
00
b10 .
#78580000
1!
1,
10
#78600000
0!
0,
00
b11 .
#78620000
1!
1,
10
#78640000
0!
0,
00
b100 .
#78660000
1!
1,
10
#78680000
0!
0,
00
1-
b0 .
1#
#78700000
1!
1,
10
1M
#78720000
0!
0,
00
b1 .
#78740000
1!
1,
10
#78760000
0!
0,
00
b10 .
#78780000
1!
1,
10
#78800000
0!
0,
00
b11 .
#78820000
1!
1,
10
#78840000
0!
0,
00
b100 .
#78860000
1!
1,
10
#78880000
0!
0,
00
0-
b0 .
0#
#78900000
1!
1,
10
0M
b1111111111111111111111111111010000010000110110011001110011000000 N
b101 P
#78920000
0!
0,
00
b1 .
#78940000
1!
1,
10
#78960000
0!
0,
00
b10 .
#78980000
1!
1,
10
#79000000
0!
0,
00
b11 .
#79020000
1!
1,
10
#79040000
0!
0,
00
b100 .
#79060000
1!
1,
10
#79080000
0!
0,
00
1-
b0 .
1#
#79100000
1!
1,
10
1M
#79120000
0!
0,
00
b1 .
#79140000
1!
1,
10
#79160000
0!
0,
00
b10 .
#79180000
1!
1,
10
#79200000
0!
0,
00
b11 .
#79220000
1!
1,
10
#79240000
0!
0,
00
b100 .
#79260000
1!
1,
10
#79280000
0!
0,
00
0-
b0 .
0#
#79300000
1!
1,
10
0M
b1111111111111111111111111110100000100001101100110011100110000000 N
b110 P
#79320000
0!
0,
00
b1 .
#79340000
1!
1,
10
#79360000
0!
0,
00
b10 .
#79380000
1!
1,
10
#79400000
0!
0,
00
b11 .
#79420000
1!
1,
10
#79440000
0!
0,
00
b100 .
#79460000
1!
1,
10
#79480000
0!
0,
00
1-
b0 .
1#
#79500000
1!
1,
10
1M
#79520000
0!
0,
00
b1 .
#79540000
1!
1,
10
#79560000
0!
0,
00
b10 .
#79580000
1!
1,
10
#79600000
0!
0,
00
b11 .
#79620000
1!
1,
10
#79640000
0!
0,
00
b100 .
#79660000
1!
1,
10
#79680000
0!
0,
00
0-
b0 .
0#
#79700000
1!
1,
10
0M
b1111111111111111111111111101000001000011011001100111001100000000 N
b111 P
#79720000
0!
0,
00
b1 .
#79740000
1!
1,
10
#79760000
0!
0,
00
b10 .
#79780000
1!
1,
10
#79800000
0!
0,
00
b11 .
#79820000
1!
1,
10
#79840000
0!
0,
00
b100 .
#79860000
1!
1,
10
#79880000
0!
0,
00
1-
b0 .
1#
#79900000
1!
1,
10
1M
#79920000
0!
0,
00
b1 .
#79940000
1!
1,
10
#79960000
0!
0,
00
b10 .
#79980000
1!
1,
10
#80000000
0!
0,
00
b11 .
#80020000
1!
1,
10
#80040000
0!
0,
00
b100 .
#80060000
1!
1,
10
#80080000
0!
0,
00
0-
b0 .
0#
#80100000
1!
1,
10
0M
b1111111111111111111111111010000010000110110011001110011000000000 N
b1000 P
#80120000
0!
0,
00
b1 .
#80140000
1!
1,
10
#80160000
0!
0,
00
b10 .
#80180000
1!
1,
10
#80200000
0!
0,
00
b11 .
#80220000
1!
1,
10
#80240000
0!
0,
00
b100 .
#80260000
1!
1,
10
#80280000
0!
0,
00
1-
b0 .
1#
#80300000
1!
1,
10
1M
#80320000
0!
0,
00
b1 .
#80340000
1!
1,
10
#80360000
0!
0,
00
b10 .
#80380000
1!
1,
10
#80400000
0!
0,
00
b11 .
#80420000
1!
1,
10
#80440000
0!
0,
00
b100 .
#80460000
1!
1,
10
#80480000
0!
0,
00
0-
b0 .
0#
#80500000
1!
1,
10
0M
b1111111111111111111111110100000100001101100110011100110000000000 N
b1001 P
#80520000
0!
0,
00
b1 .
#80540000
1!
1,
10
#80560000
0!
0,
00
b10 .
#80580000
1!
1,
10
#80600000
0!
0,
00
b11 .
#80620000
1!
1,
10
#80640000
0!
0,
00
b100 .
#80660000
1!
1,
10
#80680000
0!
0,
00
1-
b0 .
1#
#80700000
1!
1,
10
1M
#80720000
0!
0,
00
b1 .
#80740000
1!
1,
10
#80760000
0!
0,
00
b10 .
#80780000
1!
1,
10
#80800000
0!
0,
00
b11 .
#80820000
1!
1,
10
#80840000
0!
0,
00
b100 .
#80860000
1!
1,
10
#80880000
0!
0,
00
0-
b0 .
0#
#80900000
1!
1,
10
0M
b1111111111111111111111101000001000011011001100111001100000000000 N
b1010 P
#80920000
0!
0,
00
b1 .
#80940000
1!
1,
10
#80960000
0!
0,
00
b10 .
#80980000
1!
1,
10
#81000000
0!
0,
00
b11 .
#81020000
1!
1,
10
#81040000
0!
0,
00
b100 .
#81060000
1!
1,
10
#81080000
0!
0,
00
1-
b0 .
1#
#81100000
1!
1,
10
1M
#81120000
0!
0,
00
b1 .
#81140000
1!
1,
10
#81160000
0!
0,
00
b10 .
#81180000
1!
1,
10
#81200000
0!
0,
00
b11 .
#81220000
1!
1,
10
#81240000
0!
0,
00
b100 .
#81260000
1!
1,
10
#81280000
0!
0,
00
0-
b0 .
0#
#81300000
1!
1,
10
0M
b1111111111111111111111010000010000110110011001110011000000000000 N
b1011 P
#81320000
0!
0,
00
b1 .
#81340000
1!
1,
10
#81360000
0!
0,
00
b10 .
#81380000
1!
1,
10
#81400000
0!
0,
00
b11 .
#81420000
1!
1,
10
#81440000
0!
0,
00
b100 .
#81460000
1!
1,
10
#81480000
0!
0,
00
1-
b0 .
1#
#81500000
1!
1,
10
1M
#81520000
0!
0,
00
b1 .
#81540000
1!
1,
10
#81560000
0!
0,
00
b10 .
#81580000
1!
1,
10
#81600000
0!
0,
00
b11 .
#81620000
1!
1,
10
#81640000
0!
0,
00
b100 .
#81660000
1!
1,
10
#81680000
0!
0,
00
0-
b0 .
0#
#81700000
1!
1,
10
0M
b1111111111111111111110100000100001101100110011100110000000000000 N
b1100 P
#81720000
0!
0,
00
b1 .
#81740000
1!
1,
10
#81760000
0!
0,
00
b10 .
#81780000
1!
1,
10
#81800000
0!
0,
00
b11 .
#81820000
1!
1,
10
#81840000
0!
0,
00
b100 .
#81860000
1!
1,
10
#81880000
0!
0,
00
1-
b0 .
1#
#81900000
1!
1,
10
1M
#81920000
0!
0,
00
b1 .
#81940000
1!
1,
10
#81960000
0!
0,
00
b10 .
#81980000
1!
1,
10
#82000000
0!
0,
00
b11 .
#82020000
1!
1,
10
#82040000
0!
0,
00
b100 .
#82060000
1!
1,
10
#82080000
0!
0,
00
0-
b0 .
0#
#82100000
1!
1,
10
0M
b1111111111111111111101000001000011011001100111001100000000000000 N
b1101 P
#82120000
0!
0,
00
b1 .
#82140000
1!
1,
10
#82160000
0!
0,
00
b10 .
#82180000
1!
1,
10
#82200000
0!
0,
00
b11 .
#82220000
1!
1,
10
#82240000
0!
0,
00
b100 .
#82260000
1!
1,
10
#82280000
0!
0,
00
1-
b0 .
1#
#82300000
1!
1,
10
1M
#82320000
0!
0,
00
b1 .
#82340000
1!
1,
10
#82360000
0!
0,
00
b10 .
#82380000
1!
1,
10
#82400000
0!
0,
00
b11 .
#82420000
1!
1,
10
#82440000
0!
0,
00
b100 .
#82460000
1!
1,
10
#82480000
0!
0,
00
0-
b0 .
0#
#82500000
1!
1,
10
0M
b1111111111111111111010000010000110110011001110011000000000000000 N
b1110 P
#82520000
0!
0,
00
b1 .
#82540000
1!
1,
10
#82560000
0!
0,
00
b10 .
#82580000
1!
1,
10
#82600000
0!
0,
00
b11 .
#82620000
1!
1,
10
#82640000
0!
0,
00
b100 .
#82660000
1!
1,
10
#82680000
0!
0,
00
1-
b0 .
1#
#82700000
1!
1,
10
1M
#82720000
0!
0,
00
b1 .
#82740000
1!
1,
10
#82760000
0!
0,
00
b10 .
#82780000
1!
1,
10
#82800000
0!
0,
00
b11 .
#82820000
1!
1,
10
#82840000
0!
0,
00
b100 .
#82860000
1!
1,
10
#82880000
0!
0,
00
0-
b0 .
0#
#82900000
1!
1,
10
0M
b1111111111111111110100000100001101100110011100110000000000000000 N
b1111 P
#82920000
0!
0,
00
b1 .
#82940000
1!
1,
10
#82960000
0!
0,
00
b10 .
#82980000
1!
1,
10
#83000000
0!
0,
00
b11 .
#83020000
1!
1,
10
#83040000
0!
0,
00
b100 .
#83060000
1!
1,
10
#83080000
0!
0,
00
1-
b0 .
1#
#83100000
1!
1,
10
1M
#83120000
0!
0,
00
b1 .
#83140000
1!
1,
10
#83160000
0!
0,
00
b10 .
#83180000
1!
1,
10
#83200000
0!
0,
00
b11 .
#83220000
1!
1,
10
#83240000
0!
0,
00
b100 .
#83260000
1!
1,
10
#83280000
0!
0,
00
0-
b0 .
0#
#83300000
1!
1,
10
0M
b1111111111111111101000001000011011001100111001100000000000000000 N
b10000 P
#83320000
0!
0,
00
b1 .
#83340000
1!
1,
10
#83360000
0!
0,
00
b10 .
#83380000
1!
1,
10
#83400000
0!
0,
00
b11 .
#83420000
1!
1,
10
#83440000
0!
0,
00
b100 .
#83460000
1!
1,
10
#83480000
0!
0,
00
1-
b0 .
1#
#83500000
1!
1,
10
1M
#83520000
0!
0,
00
b1 .
#83540000
1!
1,
10
#83560000
0!
0,
00
b10 .
#83580000
1!
1,
10
#83600000
0!
0,
00
b11 .
#83620000
1!
1,
10
#83640000
0!
0,
00
b100 .
#83660000
1!
1,
10
#83680000
0!
0,
00
0-
b0 .
0#
#83700000
1!
1,
10
0M
b1111111111111111010000010000110110011001110011000000000000000000 N
b10001 P
#83720000
0!
0,
00
b1 .
#83740000
1!
1,
10
#83760000
0!
0,
00
b10 .
#83780000
1!
1,
10
#83800000
0!
0,
00
b11 .
#83820000
1!
1,
10
#83840000
0!
0,
00
b100 .
#83860000
1!
1,
10
#83880000
0!
0,
00
1-
b0 .
1#
#83900000
1!
1,
10
1M
#83920000
0!
0,
00
b1 .
#83940000
1!
1,
10
#83960000
0!
0,
00
b10 .
#83980000
1!
1,
10
#84000000
0!
0,
00
b11 .
#84020000
1!
1,
10
#84040000
0!
0,
00
b100 .
#84060000
1!
1,
10
#84080000
0!
0,
00
0-
b0 .
0#
#84100000
1!
1,
10
0M
b1111111111111110100000100001101100110011100110000000000000000000 N
b10010 P
#84120000
0!
0,
00
b1 .
#84140000
1!
1,
10
#84160000
0!
0,
00
b10 .
#84180000
1!
1,
10
#84200000
0!
0,
00
b11 .
#84220000
1!
1,
10
#84240000
0!
0,
00
b100 .
#84260000
1!
1,
10
#84280000
0!
0,
00
1-
b0 .
1#
#84300000
1!
1,
10
1M
#84320000
0!
0,
00
b1 .
#84340000
1!
1,
10
#84360000
0!
0,
00
b10 .
#84380000
1!
1,
10
#84400000
0!
0,
00
b11 .
#84420000
1!
1,
10
#84440000
0!
0,
00
b100 .
#84460000
1!
1,
10
#84480000
0!
0,
00
0-
b0 .
0#
#84500000
1!
1,
10
0M
b1111111111111101000001000011011001100111001100000000000000000000 N
b10011 P
#84520000
0!
0,
00
b1 .
#84540000
1!
1,
10
#84560000
0!
0,
00
b10 .
#84580000
1!
1,
10
#84600000
0!
0,
00
b11 .
#84620000
1!
1,
10
#84640000
0!
0,
00
b100 .
#84660000
1!
1,
10
#84680000
0!
0,
00
1-
b0 .
1#
#84700000
1!
1,
10
1M
#84720000
0!
0,
00
b1 .
#84740000
1!
1,
10
#84760000
0!
0,
00
b10 .
#84780000
1!
1,
10
#84800000
0!
0,
00
b11 .
#84820000
1!
1,
10
#84840000
0!
0,
00
b100 .
#84860000
1!
1,
10
#84880000
0!
0,
00
0-
b0 .
0#
#84900000
1!
1,
10
0M
b1111111111111010000010000110110011001110011000000000000000000000 N
b10100 P
#84920000
0!
0,
00
b1 .
#84940000
1!
1,
10
#84960000
0!
0,
00
b10 .
#84980000
1!
1,
10
#85000000
0!
0,
00
b11 .
#85020000
1!
1,
10
#85040000
0!
0,
00
b100 .
#85060000
1!
1,
10
#85080000
0!
0,
00
1-
b0 .
1#
#85100000
1!
1,
10
1M
#85120000
0!
0,
00
b1 .
#85140000
1!
1,
10
#85160000
0!
0,
00
b10 .
#85180000
1!
1,
10
#85200000
0!
0,
00
b11 .
#85220000
1!
1,
10
#85240000
0!
0,
00
b100 .
#85260000
1!
1,
10
#85280000
0!
0,
00
0-
b0 .
0#
#85300000
1!
1,
10
0M
b1111111111110100000100001101100110011100110000000000000000000000 N
b10101 P
#85320000
0!
0,
00
b1 .
#85340000
1!
1,
10
#85360000
0!
0,
00
b10 .
#85380000
1!
1,
10
#85400000
0!
0,
00
b11 .
#85420000
1!
1,
10
#85440000
0!
0,
00
b100 .
#85460000
1!
1,
10
#85480000
0!
0,
00
1-
b0 .
1#
#85500000
1!
1,
10
1M
#85520000
0!
0,
00
b1 .
#85540000
1!
1,
10
#85560000
0!
0,
00
b10 .
#85580000
1!
1,
10
#85600000
0!
0,
00
b11 .
#85620000
1!
1,
10
#85640000
0!
0,
00
b100 .
#85660000
1!
1,
10
#85680000
0!
0,
00
0-
b0 .
0#
#85700000
1!
1,
10
0M
b1111111111101000001000011011001100111001100000000000000000000000 N
b10110 P
#85720000
0!
0,
00
b1 .
#85740000
1!
1,
10
#85760000
0!
0,
00
b10 .
#85780000
1!
1,
10
#85800000
0!
0,
00
b11 .
#85820000
1!
1,
10
#85840000
0!
0,
00
b100 .
#85860000
1!
1,
10
#85880000
0!
0,
00
1-
b0 .
1#
#85900000
1!
1,
10
1M
#85920000
0!
0,
00
b1 .
#85940000
1!
1,
10
#85960000
0!
0,
00
b10 .
#85980000
1!
1,
10
#86000000
0!
0,
00
b11 .
#86020000
1!
1,
10
#86040000
0!
0,
00
b100 .
#86060000
1!
1,
10
#86080000
0!
0,
00
0-
b0 .
0#
#86100000
1!
1,
10
0M
b1111111111010000010000110110011001110011000000000000000000000000 N
b10111 P
#86120000
0!
0,
00
b1 .
#86140000
1!
1,
10
#86160000
0!
0,
00
b10 .
#86180000
1!
1,
10
#86200000
0!
0,
00
b11 .
#86220000
1!
1,
10
#86240000
0!
0,
00
b100 .
#86260000
1!
1,
10
#86280000
0!
0,
00
1-
b0 .
1#
#86300000
1!
1,
10
1M
#86320000
0!
0,
00
b1 .
#86340000
1!
1,
10
#86360000
0!
0,
00
b10 .
#86380000
1!
1,
10
#86400000
0!
0,
00
b11 .
#86420000
1!
1,
10
#86440000
0!
0,
00
b100 .
#86460000
1!
1,
10
#86480000
0!
0,
00
0-
b0 .
0#
#86500000
1!
1,
10
0M
b1111111110100000100001101100110011100110000000000000000000000000 N
b11000 P
#86520000
0!
0,
00
b1 .
#86540000
1!
1,
10
#86560000
0!
0,
00
b10 .
#86580000
1!
1,
10
#86600000
0!
0,
00
b11 .
#86620000
1!
1,
10
#86640000
0!
0,
00
b100 .
#86660000
1!
1,
10
#86680000
0!
0,
00
1-
b0 .
1#
#86700000
1!
1,
10
1M
#86720000
0!
0,
00
b1 .
#86740000
1!
1,
10
#86760000
0!
0,
00
b10 .
#86780000
1!
1,
10
#86800000
0!
0,
00
b11 .
#86820000
1!
1,
10
#86840000
0!
0,
00
b100 .
#86860000
1!
1,
10
#86880000
0!
0,
00
0-
b0 .
0#
#86900000
1!
1,
10
0M
b1111111101000001000011011001100111001100000000000000000000000000 N
b11001 P
#86920000
0!
0,
00
b1 .
#86940000
1!
1,
10
#86960000
0!
0,
00
b10 .
#86980000
1!
1,
10
#87000000
0!
0,
00
b11 .
#87020000
1!
1,
10
#87040000
0!
0,
00
b100 .
#87060000
1!
1,
10
#87080000
0!
0,
00
1-
b0 .
1#
#87100000
1!
1,
10
1M
#87120000
0!
0,
00
b1 .
#87140000
1!
1,
10
#87160000
0!
0,
00
b10 .
#87180000
1!
1,
10
#87200000
0!
0,
00
b11 .
#87220000
1!
1,
10
#87240000
0!
0,
00
b100 .
#87260000
1!
1,
10
#87280000
0!
0,
00
0-
b0 .
0#
#87300000
1!
1,
10
0M
b1111111010000010000110110011001110011000000000000000000000000000 N
b11010 P
#87320000
0!
0,
00
b1 .
#87340000
1!
1,
10
#87360000
0!
0,
00
b10 .
#87380000
1!
1,
10
#87400000
0!
0,
00
b11 .
#87420000
1!
1,
10
#87440000
0!
0,
00
b100 .
#87460000
1!
1,
10
#87480000
0!
0,
00
1-
b0 .
1#
#87500000
1!
1,
10
1M
#87520000
0!
0,
00
b1 .
#87540000
1!
1,
10
#87560000
0!
0,
00
b10 .
#87580000
1!
1,
10
#87600000
0!
0,
00
b11 .
#87620000
1!
1,
10
#87640000
0!
0,
00
b100 .
#87660000
1!
1,
10
#87680000
0!
0,
00
0-
b0 .
0#
#87700000
1!
1,
10
0M
b1111110100000100001101100110011100110000000000000000000000000000 N
b11011 P
#87720000
0!
0,
00
b1 .
#87740000
1!
1,
10
#87760000
0!
0,
00
b10 .
#87780000
1!
1,
10
#87800000
0!
0,
00
b11 .
#87820000
1!
1,
10
#87840000
0!
0,
00
b100 .
#87860000
1!
1,
10
#87880000
0!
0,
00
1-
b0 .
1#
#87900000
1!
1,
10
1M
#87920000
0!
0,
00
b1 .
#87940000
1!
1,
10
#87960000
0!
0,
00
b10 .
#87980000
1!
1,
10
#88000000
0!
0,
00
b11 .
#88020000
1!
1,
10
#88040000
0!
0,
00
b100 .
#88060000
1!
1,
10
#88080000
0!
0,
00
0-
b0 .
0#
#88100000
1!
1,
10
0M
b1111101000001000011011001100111001100000000000000000000000000000 N
b11100 P
#88120000
0!
0,
00
b1 .
#88140000
1!
1,
10
#88160000
0!
0,
00
b10 .
#88180000
1!
1,
10
#88200000
0!
0,
00
b11 .
#88220000
1!
1,
10
#88240000
0!
0,
00
b100 .
#88260000
1!
1,
10
#88280000
0!
0,
00
1-
b0 .
1#
#88300000
1!
1,
10
1M
#88320000
0!
0,
00
b1 .
#88340000
1!
1,
10
#88360000
0!
0,
00
b10 .
#88380000
1!
1,
10
#88400000
0!
0,
00
b11 .
#88420000
1!
1,
10
#88440000
0!
0,
00
b100 .
#88460000
1!
1,
10
#88480000
0!
0,
00
0-
b0 .
0#
#88500000
1!
1,
10
0M
b1111010000010000110110011001110011000000000000000000000000000000 N
b11101 P
#88520000
0!
0,
00
b1 .
#88540000
1!
1,
10
#88560000
0!
0,
00
b10 .
#88580000
1!
1,
10
#88600000
0!
0,
00
b11 .
#88620000
1!
1,
10
#88640000
0!
0,
00
b100 .
#88660000
1!
1,
10
#88680000
0!
0,
00
1-
b0 .
1#
#88700000
1!
1,
10
1M
#88720000
0!
0,
00
b1 .
#88740000
1!
1,
10
#88760000
0!
0,
00
b10 .
#88780000
1!
1,
10
#88800000
0!
0,
00
b11 .
#88820000
1!
1,
10
#88840000
0!
0,
00
b100 .
#88860000
1!
1,
10
#88880000
0!
0,
00
0-
b0 .
0#
#88900000
1!
1,
10
0M
b1110100000100001101100110011100110000000000000000000000000000000 N
b11110 P
#88920000
0!
0,
00
b1 .
#88940000
1!
1,
10
#88960000
0!
0,
00
b10 .
#88980000
1!
1,
10
#89000000
0!
0,
00
b11 .
#89020000
1!
1,
10
#89040000
0!
0,
00
b100 .
#89060000
1!
1,
10
#89080000
0!
0,
00
1-
b0 .
1#
#89100000
1!
1,
10
1M
#89120000
0!
0,
00
b1 .
#89140000
1!
1,
10
#89160000
0!
0,
00
b10 .
#89180000
1!
1,
10
#89200000
0!
0,
00
b11 .
#89220000
1!
1,
10
#89240000
0!
0,
00
b100 .
#89260000
1!
1,
10
#89280000
0!
0,
00
0-
b0 .
0#
#89300000
1!
1,
10
0M
b1101000001000011011001100111001100000000000000000000000000000000 N
b11111 P
#89320000
0!
0,
00
b1 .
#89340000
1!
1,
10
#89360000
0!
0,
00
b10 .
#89380000
1!
1,
10
#89400000
0!
0,
00
b11 .
#89420000
1!
1,
10
#89440000
0!
0,
00
b100 .
#89460000
1!
1,
10
#89480000
0!
0,
00
1-
b0 .
1#
#89500000
1!
1,
10
1M
#89520000
0!
0,
00
b1 .
#89540000
1!
1,
10
#89560000
0!
0,
00
b10 .
#89580000
1!
1,
10
#89600000
0!
0,
00
b11 .
#89620000
1!
1,
10
#89640000
0!
0,
00
b100 .
#89660000
1!
1,
10
#89680000
0!
0,
00
0-
b0 .
0#
#89700000
1!
1,
10
0M
b1010000010000110110011001110011000000000000000000000000000000000 N
b100000 P
#89720000
0!
0,
00
b1 .
#89740000
1!
1,
10
#89760000
0!
0,
00
b10 .
#89780000
1!
1,
10
#89800000
0!
0,
00
b11 .
#89820000
1!
1,
10
#89840000
0!
0,
00
b100 .
#89860000
1!
1,
10
#89880000
0!
0,
00
1-
b0 .
1#
#89900000
1!
1,
10
1M
#89920000
0!
0,
00
b1 .
#89940000
1!
1,
10
#89960000
0!
0,
00
b10 .
#89980000
1!
1,
10
#90000000
0!
0,
00
b11 .
#90020000
1!
1,
10
#90040000
0!
0,
00
b100 .
#90060000
1!
1,
10
#90080000
0!
0,
00
0-
b0 .
0#
#90100000
1!
1,
10
0M
b100000100001101100110011100110000000000000000000000000000000000 N
b100001 P
0(
#90120000
0!
0,
00
b1 .
#90140000
1!
1,
10
#90160000
0!
0,
00
b10 .
#90180000
1!
1,
10
#90200000
0!
0,
00
b11 .
#90220000
1!
1,
10
#90240000
0!
0,
00
b100 .
#90260000
1!
1,
10
#90280000
0!
0,
00
1-
b0 .
1#
#90300000
1!
1,
10
1M
#90320000
0!
0,
00
b1 .
#90340000
1!
1,
10
#90360000
0!
0,
00
b10 .
#90380000
1!
1,
10
#90400000
0!
0,
00
b11 .
#90420000
1!
1,
10
#90440000
0!
0,
00
b100 .
#90460000
1!
1,
10
#90480000
0!
0,
00
0-
b0 .
0#
#90500000
1!
1,
10
0M
b1000001000011011001100111001100000000000000000000000000000000000 N
b100010 P
1(
#90520000
0!
0,
00
b1 .
#90540000
1!
1,
10
#90560000
0!
0,
00
b10 .
#90580000
1!
1,
10
#90600000
0!
0,
00
b11 .
#90620000
1!
1,
10
#90640000
0!
0,
00
b100 .
#90660000
1!
1,
10
#90680000
0!
0,
00
1-
b0 .
1#
#90700000
1!
1,
10
1M
#90720000
0!
0,
00
b1 .
#90740000
1!
1,
10
#90760000
0!
0,
00
b10 .
#90780000
1!
1,
10
#90800000
0!
0,
00
b11 .
#90820000
1!
1,
10
#90840000
0!
0,
00
b100 .
#90860000
1!
1,
10
#90880000
0!
0,
00
0-
b0 .
0#
#90900000
1!
1,
10
0M
b10000110110011001110011000000000000000000000000000000000000 N
b100011 P
0(
#90920000
0!
0,
00
b1 .
#90940000
1!
1,
10
#90960000
0!
0,
00
b10 .
#90980000
1!
1,
10
#91000000
0!
0,
00
b11 .
#91020000
1!
1,
10
#91040000
0!
0,
00
b100 .
#91060000
1!
1,
10
#91080000
0!
0,
00
1-
b0 .
1#
#91100000
1!
1,
10
1M
#91120000
0!
0,
00
b1 .
#91140000
1!
1,
10
#91160000
0!
0,
00
b10 .
#91180000
1!
1,
10
#91200000
0!
0,
00
b11 .
#91220000
1!
1,
10
#91240000
0!
0,
00
b100 .
#91260000
1!
1,
10
#91280000
0!
0,
00
0-
b0 .
0#
#91300000
1!
1,
10
0M
b100001101100110011100110000000000000000000000000000000000000 N
b100100 P
#91320000
0!
0,
00
b1 .
#91340000
1!
1,
10
#91360000
0!
0,
00
b10 .
#91380000
1!
1,
10
#91400000
0!
0,
00
b11 .
#91420000
1!
1,
10
#91440000
0!
0,
00
b100 .
#91460000
1!
1,
10
#91480000
0!
0,
00
1-
b0 .
1#
#91500000
1!
1,
10
1M
#91520000
0!
0,
00
b1 .
#91540000
1!
1,
10
#91560000
0!
0,
00
b10 .
#91580000
1!
1,
10
#91600000
0!
0,
00
b11 .
#91620000
1!
1,
10
#91640000
0!
0,
00
b100 .
#91660000
1!
1,
10
#91680000
0!
0,
00
0-
b0 .
0#
#91700000
1!
1,
10
0M
b1000011011001100111001100000000000000000000000000000000000000 N
b100101 P
#91720000
0!
0,
00
b1 .
#91740000
1!
1,
10
#91760000
0!
0,
00
b10 .
#91780000
1!
1,
10
#91800000
0!
0,
00
b11 .
#91820000
1!
1,
10
#91840000
0!
0,
00
b100 .
#91860000
1!
1,
10
#91880000
0!
0,
00
1-
b0 .
1#
#91900000
1!
1,
10
1M
#91920000
0!
0,
00
b1 .
#91940000
1!
1,
10
#91960000
0!
0,
00
b10 .
#91980000
1!
1,
10
#92000000
0!
0,
00
b11 .
#92020000
1!
1,
10
#92040000
0!
0,
00
b100 .
#92060000
1!
1,
10
#92080000
0!
0,
00
0-
b0 .
0#
#92100000
1!
1,
10
0M
b10000110110011001110011000000000000000000000000000000000000000 N
b100110 P
#92120000
0!
0,
00
b1 .
#92140000
1!
1,
10
#92160000
0!
0,
00
b10 .
#92180000
1!
1,
10
#92200000
0!
0,
00
b11 .
#92220000
1!
1,
10
#92240000
0!
0,
00
b100 .
#92260000
1!
1,
10
#92280000
0!
0,
00
1-
b0 .
1#
#92300000
1!
1,
10
1M
#92320000
0!
0,
00
b1 .
#92340000
1!
1,
10
#92360000
0!
0,
00
b10 .
#92380000
1!
1,
10
#92400000
0!
0,
00
b11 .
#92420000
1!
1,
10
#92440000
0!
0,
00
b100 .
#92460000
1!
1,
10
#92480000
0!
0,
00
0-
b0 .
0#
#92500000
1!
1,
10
0M
b100001101100110011100110000000000000000000000000000000000000000 N
b100111 P
#92520000
0!
0,
00
b1 .
#92540000
1!
1,
10
#92560000
0!
0,
00
b10 .
#92580000
1!
1,
10
#92600000
0!
0,
00
b11 .
#92620000
1!
1,
10
#92640000
0!
0,
00
b100 .
#92660000
1!
1,
10
#92680000
0!
0,
00
1-
b0 .
1#
#92700000
1!
1,
10
1M
#92720000
0!
0,
00
b1 .
#92740000
1!
1,
10
#92760000
0!
0,
00
b10 .
#92780000
1!
1,
10
#92800000
0!
0,
00
b11 .
#92820000
1!
1,
10
#92840000
0!
0,
00
b100 .
#92860000
1!
1,
10
#92880000
0!
0,
00
0-
b0 .
0#
#92900000
1!
1,
10
0M
b1000011011001100111001100000000000000000000000000000000000000000 N
b101000 P
1(
#92920000
0!
0,
00
b1 .
#92940000
1!
1,
10
#92960000
0!
0,
00
b10 .
#92980000
1!
1,
10
#93000000
0!
0,
00
b11 .
#93020000
1!
1,
10
#93040000
0!
0,
00
b100 .
#93060000
1!
1,
10
#93080000
0!
0,
00
1-
b0 .
1#
#93100000
1!
1,
10
1M
#93120000
0!
0,
00
b1 .
#93140000
1!
1,
10
#93160000
0!
0,
00
b10 .
#93180000
1!
1,
10
#93200000
0!
0,
00
b11 .
#93220000
1!
1,
10
#93240000
0!
0,
00
b100 .
#93260000
1!
1,
10
#93280000
0!
0,
00
0-
b0 .
0#
#93300000
1!
1,
10
0M
b110110011001110011000000000000000000000000000000000000000000 N
b101001 P
0(
#93320000
0!
0,
00
b1 .
#93340000
1!
1,
10
#93360000
0!
0,
00
b10 .
#93380000
1!
1,
10
#93400000
0!
0,
00
b11 .
#93420000
1!
1,
10
#93440000
0!
0,
00
b100 .
#93460000
1!
1,
10
#93480000
0!
0,
00
1-
b0 .
1#
#93500000
1!
1,
10
1M
#93520000
0!
0,
00
b1 .
#93540000
1!
1,
10
#93560000
0!
0,
00
b10 .
#93580000
1!
1,
10
#93600000
0!
0,
00
b11 .
#93620000
1!
1,
10
#93640000
0!
0,
00
b100 .
#93660000
1!
1,
10
#93680000
0!
0,
00
0-
b0 .
0#
#93700000
1!
1,
10
0M
b1101100110011100110000000000000000000000000000000000000000000 N
b101010 P
#93720000
0!
0,
00
b1 .
#93740000
1!
1,
10
#93760000
0!
0,
00
b10 .
#93780000
1!
1,
10
#93800000
0!
0,
00
b11 .
#93820000
1!
1,
10
#93840000
0!
0,
00
b100 .
#93860000
1!
1,
10
#93880000
0!
0,
00
1-
b0 .
1#
#93900000
1!
1,
10
1M
#93920000
0!
0,
00
b1 .
#93940000
1!
1,
10
#93960000
0!
0,
00
b10 .
#93980000
1!
1,
10
#94000000
0!
0,
00
b11 .
#94020000
1!
1,
10
#94040000
0!
0,
00
b100 .
#94060000
1!
1,
10
#94080000
0!
0,
00
0-
b0 .
0#
#94100000
1!
1,
10
0M
b11011001100111001100000000000000000000000000000000000000000000 N
b101011 P
#94120000
0!
0,
00
b1 .
#94140000
1!
1,
10
#94160000
0!
0,
00
b10 .
#94180000
1!
1,
10
#94200000
0!
0,
00
b11 .
#94220000
1!
1,
10
#94240000
0!
0,
00
b100 .
#94260000
1!
1,
10
#94280000
0!
0,
00
1-
b0 .
1#
#94300000
1!
1,
10
1M
#94320000
0!
0,
00
b1 .
#94340000
1!
1,
10
#94360000
0!
0,
00
b10 .
#94380000
1!
1,
10
#94400000
0!
0,
00
b11 .
#94420000
1!
1,
10
#94440000
0!
0,
00
b100 .
#94460000
1!
1,
10
#94480000
0!
0,
00
0-
b0 .
0#
#94500000
1!
1,
10
0M
b110110011001110011000000000000000000000000000000000000000000000 N
b101100 P
#94520000
0!
0,
00
b1 .
#94540000
1!
1,
10
#94560000
0!
0,
00
b10 .
#94580000
1!
1,
10
#94600000
0!
0,
00
b11 .
#94620000
1!
1,
10
#94640000
0!
0,
00
b100 .
#94660000
1!
1,
10
#94680000
0!
0,
00
1-
b0 .
1#
#94700000
1!
1,
10
1M
#94720000
0!
0,
00
b1 .
#94740000
1!
1,
10
#94760000
0!
0,
00
b10 .
#94780000
1!
1,
10
#94800000
0!
0,
00
b11 .
#94820000
1!
1,
10
#94840000
0!
0,
00
b100 .
#94860000
1!
1,
10
#94880000
0!
0,
00
0-
b0 .
0#
#94900000
1!
1,
10
0M
b1101100110011100110000000000000000000000000000000000000000000000 N
b101101 P
1(
#94920000
0!
0,
00
b1 .
#94940000
1!
1,
10
#94960000
0!
0,
00
b10 .
#94980000
1!
1,
10
#95000000
0!
0,
00
b11 .
#95020000
1!
1,
10
#95040000
0!
0,
00
b100 .
#95060000
1!
1,
10
#95080000
0!
0,
00
1-
b0 .
1#
#95100000
1!
1,
10
1M
#95120000
0!
0,
00
b1 .
#95140000
1!
1,
10
#95160000
0!
0,
00
b10 .
#95180000
1!
1,
10
#95200000
0!
0,
00
b11 .
#95220000
1!
1,
10
#95240000
0!
0,
00
b100 .
#95260000
1!
1,
10
#95280000
0!
0,
00
0-
b0 .
0#
#95300000
1!
1,
10
0M
b1011001100111001100000000000000000000000000000000000000000000000 N
b101110 P
#95320000
0!
0,
00
b1 .
#95340000
1!
1,
10
#95360000
0!
0,
00
b10 .
#95380000
1!
1,
10
#95400000
0!
0,
00
b11 .
#95420000
1!
1,
10
#95440000
0!
0,
00
b100 .
#95460000
1!
1,
10
#95480000
0!
0,
00
1-
b0 .
1#
#95500000
1!
1,
10
1M
#95520000
0!
0,
00
b1 .
#95540000
1!
1,
10
#95560000
0!
0,
00
b10 .
#95580000
1!
1,
10
#95600000
0!
0,
00
b11 .
#95620000
1!
1,
10
#95640000
0!
0,
00
b100 .
#95660000
1!
1,
10
#95680000
0!
0,
00
0-
b0 .
0#
#95700000
1!
1,
10
0M
b110011001110011000000000000000000000000000000000000000000000000 N
b101111 P
0(
#95720000
0!
0,
00
b1 .
#95740000
1!
1,
10
#95760000
0!
0,
00
b10 .
#95780000
1!
1,
10
#95800000
0!
0,
00
b11 .
#95820000
1!
1,
10
#95840000
0!
0,
00
b100 .
#95860000
1!
1,
10
#95880000
0!
0,
00
1-
b0 .
1#
#95900000
1!
1,
10
1M
#95920000
0!
0,
00
b1 .
#95940000
1!
1,
10
#95960000
0!
0,
00
b10 .
#95980000
1!
1,
10
#96000000
0!
0,
00
b11 .
#96020000
1!
1,
10
#96040000
0!
0,
00
b100 .
#96060000
1!
1,
10
#96080000
0!
0,
00
0-
b0 .
0#
#96100000
1!
1,
10
0M
b1100110011100110000000000000000000000000000000000000000000000000 N
b110000 P
1(
#96120000
0!
0,
00
b1 .
#96140000
1!
1,
10
#96160000
0!
0,
00
b10 .
#96180000
1!
1,
10
#96200000
0!
0,
00
b11 .
#96220000
1!
1,
10
#96240000
0!
0,
00
b100 .
#96260000
1!
1,
10
#96280000
0!
0,
00
1-
b0 .
1#
#96300000
1!
1,
10
1M
#96320000
0!
0,
00
b1 .
#96340000
1!
1,
10
#96360000
0!
0,
00
b10 .
#96380000
1!
1,
10
#96400000
0!
0,
00
b11 .
#96420000
1!
1,
10
#96440000
0!
0,
00
b100 .
#96460000
1!
1,
10
#96480000
0!
0,
00
0-
b0 .
0#
#96500000
1!
1,
10
0M
b1001100111001100000000000000000000000000000000000000000000000000 N
b110001 P
#96520000
0!
0,
00
b1 .
#96540000
1!
1,
10
#96560000
0!
0,
00
b10 .
#96580000
1!
1,
10
#96600000
0!
0,
00
b11 .
#96620000
1!
1,
10
#96640000
0!
0,
00
b100 .
#96660000
1!
1,
10
#96680000
0!
0,
00
1-
b0 .
1#
#96700000
1!
1,
10
1M
#96720000
0!
0,
00
b1 .
#96740000
1!
1,
10
#96760000
0!
0,
00
b10 .
#96780000
1!
1,
10
#96800000
0!
0,
00
b11 .
#96820000
1!
1,
10
#96840000
0!
0,
00
b100 .
#96860000
1!
1,
10
#96880000
0!
0,
00
0-
b0 .
0#
#96900000
1!
1,
10
0M
b11001110011000000000000000000000000000000000000000000000000000 N
b110010 P
0(
#96920000
0!
0,
00
b1 .
#96940000
1!
1,
10
#96960000
0!
0,
00
b10 .
#96980000
1!
1,
10
#97000000
0!
0,
00
b11 .
#97020000
1!
1,
10
#97040000
0!
0,
00
b100 .
#97060000
1!
1,
10
#97080000
0!
0,
00
1-
b0 .
1#
#97100000
1!
1,
10
1M
#97120000
0!
0,
00
b1 .
#97140000
1!
1,
10
#97160000
0!
0,
00
b10 .
#97180000
1!
1,
10
#97200000
0!
0,
00
b11 .
#97220000
1!
1,
10
#97240000
0!
0,
00
b100 .
#97260000
1!
1,
10
#97280000
0!
0,
00
0-
b0 .
0#
#97300000
1!
1,
10
0M
b110011100110000000000000000000000000000000000000000000000000000 N
b110011 P
#97320000
0!
0,
00
b1 .
#97340000
1!
1,
10
#97360000
0!
0,
00
b10 .
#97380000
1!
1,
10
#97400000
0!
0,
00
b11 .
#97420000
1!
1,
10
#97440000
0!
0,
0