Copyright 1986-2022 Xilinx, Inc. All Rights Reserved. Copyright 2022-2025 Advanced Micro Devices, Inc. All Rights Reserved.
---------------------------------------------------------------------------------------------------------------------------------------------------------------------------------------------------------------------
| Tool Version : Vivado v.2025.2 (win64) Build 6299465 Fri Nov 14 19:35:11 GMT 2025
| Date         : Thu Sep 10 06:52:05 2026
| Host         : LAPTOP-PW0NGYLL running 64-bit major release  (build 9200)
| Command      : report_timing_summary -max_paths 10 -routable_nets -report_unconstrained -file top_timing_summary_routed.rpt -pb top_timing_summary_routed.pb -rpx top_timing_summary_routed.rpx -warn_on_violation
| Design       : top
| Device       : 7a35t-fgg484
| Speed File   : -2  PRODUCTION 1.23 2018-06-13
| Design State : Routed
---------------------------------------------------------------------------------------------------------------------------------------------------------------------------------------------------------------------

Timing Summary Report

------------------------------------------------------------------------------------------------
| Timer Settings
| --------------
------------------------------------------------------------------------------------------------

  Enable Multi Corner Analysis               :  Yes
  Enable Pessimism Removal                   :  Yes
  Pessimism Removal Resolution               :  Nearest Common Node
  Enable Input Delay Default Clock           :  No
  Enable Preset / Clear Arcs                 :  No
  Disable Flight Delays                      :  No
  Ignore I/O Paths                           :  No
  Timing Early Launch at Borrowing Latches   :  No
  Borrow Time for Max Delay Exceptions       :  Yes
  Merge Timing Exceptions                    :  Yes
  Inter-SLR Compensation                     :  Conservative

  Corner  Analyze    Analyze    
  Name    Max Paths  Min Paths  
  ------  ---------  ---------  
  Slow    Yes        Yes        
  Fast    Yes        Yes        


------------------------------------------------------------------------------------------------
| Report Methodology
| ------------------
------------------------------------------------------------------------------------------------

Rule    Severity  Description                                             Violations  
------  --------  ------------------------------------------------------  ----------  
XDCC-1  Warning   Scoped Clock constraint overwritten with the same name  1           
XDCC-7  Warning   Scoped Clock constraint overwritten on the same source  1           

Note: This report is based on the most recent report_methodology run and may not be up-to-date. Run report_methodology on the current design for the latest report.



check_timing report

Table of Contents
-----------------
1. checking no_clock (0)
2. checking constant_clock (0)
3. checking pulse_width_clock (0)
4. checking unconstrained_internal_endpoints (0)
5. checking no_input_delay (2)
6. checking no_output_delay (3)
7. checking multiple_clock (0)
8. checking generated_clocks (0)
9. checking loops (0)
10. checking partial_input_delay (0)
11. checking partial_output_delay (0)
12. checking latch_loops (0)

1. checking no_clock (0)
------------------------
 There are 0 register/latch pins with no clock.


2. checking constant_clock (0)
------------------------------
 There are 0 register/latch pins with constant_clock.


3. checking pulse_width_clock (0)
---------------------------------
 There are 0 register/latch pins which need pulse_width check


4. checking unconstrained_internal_endpoints (0)
------------------------------------------------
 There are 0 pins that are not constrained for maximum delay.

 There are 0 pins that are not constrained for maximum delay due to constant clock.


5. checking no_input_delay (2)
------------------------------
 There are 2 input ports with no input delay specified. (HIGH)

 There are 0 input ports with no input delay but user has a false path constraint.


6. checking no_output_delay (3)
-------------------------------
 There are 3 ports with no output delay specified. (HIGH)

 There are 0 ports with no output delay but user has a false path constraint

 There are 0 ports with no output delay but with a timing clock defined on it or propagating through it


7. checking multiple_clock (0)
------------------------------
 There are 0 register/latch pins with multiple clocks.


8. checking generated_clocks (0)
--------------------------------
 There are 0 generated clocks that are not connected to a clock source.


9. checking loops (0)
---------------------
 There are 0 combinational loops in the design.


10. checking partial_input_delay (0)
------------------------------------
 There are 0 input ports with partial input delay specified.


11. checking partial_output_delay (0)
-------------------------------------
 There are 0 ports with partial output delay specified.


12. checking latch_loops (0)
----------------------------
 There are 0 combinational latch loops in the design through latch input



------------------------------------------------------------------------------------------------
| Design Timing Summary
| ---------------------
------------------------------------------------------------------------------------------------

    WNS(ns)      TNS(ns)  TNS Failing Endpoints  TNS Total Endpoints      WHS(ns)      THS(ns)  THS Failing Endpoints  THS Total Endpoints     WPWS(ns)     TPWS(ns)  TPWS Failing Endpoints  TPWS Total Endpoints  
    -------      -------  ---------------------  -------------------      -------      -------  ---------------------  -------------------     --------     --------  ----------------------  --------------------  
     16.621        0.000                      0                  411        0.139        0.000                      0                  411        1.100        0.000                       0                   167  


All user specified timing constraints are met.


------------------------------------------------------------------------------------------------
| Clock Summary
| -------------
------------------------------------------------------------------------------------------------

Clock                 Waveform(ns)         Period(ns)      Frequency(MHz)
-----                 ------------         ----------      --------------
sys_clk_p             {0.000 2.500}        5.000           200.000         
  clk_out1_clk_wiz_0  {0.000 20.000}       40.000          25.000          
  clkfbout_clk_wiz_0  {0.000 20.000}       40.000          25.000          


------------------------------------------------------------------------------------------------
| Intra Clock Table
| -----------------
------------------------------------------------------------------------------------------------

Clock                     WNS(ns)      TNS(ns)  TNS Failing Endpoints  TNS Total Endpoints      WHS(ns)      THS(ns)  THS Failing Endpoints  THS Total Endpoints     WPWS(ns)     TPWS(ns)  TPWS Failing Endpoints  TPWS Total Endpoints  
-----                     -------      -------  ---------------------  -------------------      -------      -------  ---------------------  -------------------     --------     --------  ----------------------  --------------------  
sys_clk_p                                                                                                                                                               1.100        0.000                       0                     2  
  clk_out1_clk_wiz_0       16.621        0.000                      0                  411        0.139        0.000                      0                  411       19.500        0.000                       0                   162  
  clkfbout_clk_wiz_0                                                                                                                                                   12.633        0.000                       0                     3  


------------------------------------------------------------------------------------------------
| Inter Clock Table
| -----------------
------------------------------------------------------------------------------------------------

From Clock    To Clock          WNS(ns)      TNS(ns)  TNS Failing Endpoints  TNS Total Endpoints      WHS(ns)      THS(ns)  THS Failing Endpoints  THS Total Endpoints  
----------    --------          -------      -------  ---------------------  -------------------      -------      -------  ---------------------  -------------------  


------------------------------------------------------------------------------------------------
| Other Path Groups Table
| -----------------------
------------------------------------------------------------------------------------------------

Path Group    From Clock    To Clock          WNS(ns)      TNS(ns)  TNS Failing Endpoints  TNS Total Endpoints      WHS(ns)      THS(ns)  THS Failing Endpoints  THS Total Endpoints  
----------    ----------    --------          -------      -------  ---------------------  -------------------      -------      -------  ---------------------  -------------------  


------------------------------------------------------------------------------------------------
| User Ignored Path Table
| -----------------------
------------------------------------------------------------------------------------------------

Path Group    From Clock    To Clock    
----------    ----------    --------    


------------------------------------------------------------------------------------------------
| Unconstrained Path Table
| ------------------------
------------------------------------------------------------------------------------------------

Path Group          From Clock          To Clock          
----------          ----------          --------          
(none)              clk_out1_clk_wiz_0                      
(none)                                  clk_out1_clk_wiz_0  


------------------------------------------------------------------------------------------------
| Timing Details
| --------------
------------------------------------------------------------------------------------------------


---------------------------------------------------------------------------------------------------
From Clock:  sys_clk_p
  To Clock:  sys_clk_p

Setup :           NA  Failing Endpoints,  Worst Slack           NA  ,  Total Violation           NA
Hold  :           NA  Failing Endpoints,  Worst Slack           NA  ,  Total Violation           NA
PW    :            0  Failing Endpoints,  Worst Slack        1.100ns,  Total Violation        0.000ns
---------------------------------------------------------------------------------------------------


Pulse Width Checks
--------------------------------------------------------------------------------------
Clock Name:         sys_clk_p
Waveform(ns):       { 0.000 2.500 }
Period(ns):         5.000
Sources:            { sys_clk_p }

Check Type        Corner  Lib Pin           Reference Pin  Required(ns)  Actual(ns)  Slack(ns)  Location        Pin
Min Period        n/a     BUFG/I            n/a            1.592         5.000       3.408      BUFGCTRL_X0Y2   clk_wiz/inst/clkin1_bufg1/I
Min Period        n/a     PLLE2_ADV/CLKIN1  n/a            1.249         5.000       3.751      PLLE2_ADV_X1Y0  clk_wiz/inst/plle2_adv_inst/CLKIN1
Max Period        n/a     PLLE2_ADV/CLKIN1  n/a            52.633        5.000       47.633     PLLE2_ADV_X1Y0  clk_wiz/inst/plle2_adv_inst/CLKIN1
Low Pulse Width   Slow    PLLE2_ADV/CLKIN1  n/a            1.400         2.500       1.100      PLLE2_ADV_X1Y0  clk_wiz/inst/plle2_adv_inst/CLKIN1
Low Pulse Width   Fast    PLLE2_ADV/CLKIN1  n/a            1.400         2.500       1.100      PLLE2_ADV_X1Y0  clk_wiz/inst/plle2_adv_inst/CLKIN1
High Pulse Width  Slow    PLLE2_ADV/CLKIN1  n/a            1.400         2.500       1.100      PLLE2_ADV_X1Y0  clk_wiz/inst/plle2_adv_inst/CLKIN1
High Pulse Width  Fast    PLLE2_ADV/CLKIN1  n/a            1.400         2.500       1.100      PLLE2_ADV_X1Y0  clk_wiz/inst/plle2_adv_inst/CLKIN1



---------------------------------------------------------------------------------------------------
From Clock:  clk_out1_clk_wiz_0
  To Clock:  clk_out1_clk_wiz_0

Setup :            0  Failing Endpoints,  Worst Slack       16.621ns,  Total Violation        0.000ns
Hold  :            0  Failing Endpoints,  Worst Slack        0.139ns,  Total Violation        0.000ns
PW    :            0  Failing Endpoints,  Worst Slack       19.500ns,  Total Violation        0.000ns
---------------------------------------------------------------------------------------------------


Max Delay Paths
--------------------------------------------------------------------------------------
Slack (MET) :             16.621ns  (required time - arrival time)
  Source:                 MDIO_master/mdc/MDC_reg/C
                            (falling edge-triggered cell FDRE clocked by clk_out1_clk_wiz_0  {rise@0.000ns fall@20.000ns period=40.000ns})
  Destination:            MDIO_master/mdio/ins_reg[40]/CE
                            (rising edge-triggered cell FDSE clocked by clk_out1_clk_wiz_0  {rise@0.000ns fall@20.000ns period=40.000ns})
  Path Group:             clk_out1_clk_wiz_0
  Path Type:              Setup (Max at Slow Process Corner)
  Requirement:            20.000ns  (clk_out1_clk_wiz_0 rise@40.000ns - clk_out1_clk_wiz_0 fall@20.000ns)
  Data Path Delay:        3.057ns  (logic 0.647ns (21.164%)  route 2.410ns (78.836%))
  Logic Levels:           2  (LUT6=2)
  Clock Path Skew:        0.017ns (DCD - SCD + CPR)
    Destination Clock Delay (DCD):    3.816ns = ( 43.816 - 40.000 ) 
    Source Clock Delay      (SCD):    3.997ns = ( 23.997 - 20.000 ) 
    Clock Pessimism Removal (CPR):    0.198ns
  Clock Uncertainty:      0.171ns  ((TSJ^2 + DJ^2)^1/2) / 2 + PE
    Total System Jitter     (TSJ):    0.071ns
    Discrete Jitter          (DJ):    0.334ns
    Phase Error              (PE):    0.000ns

    Location             Delay type                Incr(ns)  Path(ns)    Netlist Resource(s)
  -------------------------------------------------------------------    -------------------
                         (clock clk_out1_clk_wiz_0 fall edge)
                                                     20.000    20.000 f  
    R4                                                0.000    20.000 f  sys_clk_p (IN)
                         net (fo=0)                   0.000    20.000    clk_wiz/inst/clk_in1_p
    R4                   IBUFDS (Prop_ibufds_I_O)     0.855    20.855 f  clk_wiz/inst/clkin1_ibufgds/O
                         net (fo=1, routed)           1.689    22.544    clk_wiz/inst/clk_in1_clk_wiz_0_buf
    BUFGCTRL_X0Y2        BUFG (Prop_bufg_I_O)         0.082    22.626 f  clk_wiz/inst/clkin1_bufg1/O
                         net (fo=1, routed)           1.408    24.034    clk_wiz/inst/clk_in1_clk_wiz_0
    PLLE2_ADV_X1Y0       PLLE2_ADV (Prop_plle2_adv_CLKIN1_CLKOUT0)
                                                     -2.908    21.126 f  clk_wiz/inst/plle2_adv_inst/CLKOUT0
                         net (fo=1, routed)           1.419    22.545    clk_wiz/inst/clk_out1_clk_wiz_0
    BUFGCTRL_X0Y0        BUFG (Prop_bufg_I_O)         0.081    22.626 f  clk_wiz/inst/clkout1_buf/O
                         net (fo=160, routed)         1.371    23.997    MDIO_master/mdc/clk_out1
    SLICE_X10Y9          FDRE                                         r  MDIO_master/mdc/MDC_reg/C  (IS_INVERTED)
  -------------------------------------------------------------------    -------------------
    SLICE_X10Y9          FDRE (Prop_fdre_C_Q)         0.437    24.434 f  MDIO_master/mdc/MDC_reg/Q
                         net (fo=7, routed)           1.213    25.646    MDIO_master/mdio/MDC
    SLICE_X2Y11          LUT6 (Prop_lut6_I0_O)        0.105    25.751 r  MDIO_master/mdio/busy_i_4/O
                         net (fo=3, routed)           0.399    26.150    MDIO_master/mdio/busy_i_4_n_0
    SLICE_X2Y12          LUT6 (Prop_lut6_I5_O)        0.105    26.255 r  MDIO_master/mdio/ins[63]_i_1/O
                         net (fo=48, routed)          0.798    27.054    MDIO_master/mdio/ins[63]_i_1_n_0
    SLICE_X3Y18          FDSE                                         r  MDIO_master/mdio/ins_reg[40]/CE
  -------------------------------------------------------------------    -------------------

                         (clock clk_out1_clk_wiz_0 rise edge)
                                                     40.000    40.000 r  
    R4                                                0.000    40.000 r  sys_clk_p (IN)
                         net (fo=0)                   0.000    40.000    clk_wiz/inst/clk_in1_p
    R4                   IBUFDS (Prop_ibufds_I_O)     0.817    40.817 r  clk_wiz/inst/clkin1_ibufgds/O
                         net (fo=1, routed)           1.599    42.416    clk_wiz/inst/clk_in1_clk_wiz_0_buf
    BUFGCTRL_X0Y2        BUFG (Prop_bufg_I_O)         0.078    42.494 r  clk_wiz/inst/clkin1_bufg1/O
                         net (fo=1, routed)           1.304    43.798    clk_wiz/inst/clk_in1_clk_wiz_0
    PLLE2_ADV_X1Y0       PLLE2_ADV (Prop_plle2_adv_CLKIN1_CLKOUT0)
                                                     -2.730    41.067 r  clk_wiz/inst/plle2_adv_inst/CLKOUT0
                         net (fo=1, routed)           1.349    42.417    clk_wiz/inst/clk_out1_clk_wiz_0
    BUFGCTRL_X0Y0        BUFG (Prop_bufg_I_O)         0.077    42.494 r  clk_wiz/inst/clkout1_buf/O
                         net (fo=160, routed)         1.322    43.816    MDIO_master/mdio/clk
    SLICE_X3Y18          FDSE                                         r  MDIO_master/mdio/ins_reg[40]/C
                         clock pessimism              0.198    44.014    
                         clock uncertainty           -0.171    43.843    
    SLICE_X3Y18          FDSE (Setup_fdse_C_CE)      -0.168    43.675    MDIO_master/mdio/ins_reg[40]
  -------------------------------------------------------------------
                         required time                         43.675    
                         arrival time                         -27.054    
  -------------------------------------------------------------------
                         slack                                 16.621    

Slack (MET) :             16.621ns  (required time - arrival time)
  Source:                 MDIO_master/mdc/MDC_reg/C
                            (falling edge-triggered cell FDRE clocked by clk_out1_clk_wiz_0  {rise@0.000ns fall@20.000ns period=40.000ns})
  Destination:            MDIO_master/mdio/ins_reg[56]/CE
                            (rising edge-triggered cell FDSE clocked by clk_out1_clk_wiz_0  {rise@0.000ns fall@20.000ns period=40.000ns})
  Path Group:             clk_out1_clk_wiz_0
  Path Type:              Setup (Max at Slow Process Corner)
  Requirement:            20.000ns  (clk_out1_clk_wiz_0 rise@40.000ns - clk_out1_clk_wiz_0 fall@20.000ns)
  Data Path Delay:        3.057ns  (logic 0.647ns (21.164%)  route 2.410ns (78.836%))
  Logic Levels:           2  (LUT6=2)
  Clock Path Skew:        0.017ns (DCD - SCD + CPR)
    Destination Clock Delay (DCD):    3.816ns = ( 43.816 - 40.000 ) 
    Source Clock Delay      (SCD):    3.997ns = ( 23.997 - 20.000 ) 
    Clock Pessimism Removal (CPR):    0.198ns
  Clock Uncertainty:      0.171ns  ((TSJ^2 + DJ^2)^1/2) / 2 + PE
    Total System Jitter     (TSJ):    0.071ns
    Discrete Jitter          (DJ):    0.334ns
    Phase Error              (PE):    0.000ns

    Location             Delay type                Incr(ns)  Path(ns)    Netlist Resource(s)
  -------------------------------------------------------------------    -------------------
                         (clock clk_out1_clk_wiz_0 fall edge)
                                                     20.000    20.000 f  
    R4                                                0.000    20.000 f  sys_clk_p (IN)
                         net (fo=0)                   0.000    20.000    clk_wiz/inst/clk_in1_p
    R4                   IBUFDS (Prop_ibufds_I_O)     0.855    20.855 f  clk_wiz/inst/clkin1_ibufgds/O
                         net (fo=1, routed)           1.689    22.544    clk_wiz/inst/clk_in1_clk_wiz_0_buf
    BUFGCTRL_X0Y2        BUFG (Prop_bufg_I_O)         0.082    22.626 f  clk_wiz/inst/clkin1_bufg1/O
                         net (fo=1, routed)           1.408    24.034    clk_wiz/inst/clk_in1_clk_wiz_0
    PLLE2_ADV_X1Y0       PLLE2_ADV (Prop_plle2_adv_CLKIN1_CLKOUT0)
                                                     -2.908    21.126 f  clk_wiz/inst/plle2_adv_inst/CLKOUT0
                         net (fo=1, routed)           1.419    22.545    clk_wiz/inst/clk_out1_clk_wiz_0
    BUFGCTRL_X0Y0        BUFG (Prop_bufg_I_O)         0.081    22.626 f  clk_wiz/inst/clkout1_buf/O
                         net (fo=160, routed)         1.371    23.997    MDIO_master/mdc/clk_out1
    SLICE_X10Y9          FDRE                                         r  MDIO_master/mdc/MDC_reg/C  (IS_INVERTED)
  -------------------------------------------------------------------    -------------------
    SLICE_X10Y9          FDRE (Prop_fdre_C_Q)         0.437    24.434 f  MDIO_master/mdc/MDC_reg/Q
                         net (fo=7, routed)           1.213    25.646    MDIO_master/mdio/MDC
    SLICE_X2Y11          LUT6 (Prop_lut6_I0_O)        0.105    25.751 r  MDIO_master/mdio/busy_i_4/O
                         net (fo=3, routed)           0.399    26.150    MDIO_master/mdio/busy_i_4_n_0
    SLICE_X2Y12          LUT6 (Prop_lut6_I5_O)        0.105    26.255 r  MDIO_master/mdio/ins[63]_i_1/O
                         net (fo=48, routed)          0.798    27.054    MDIO_master/mdio/ins[63]_i_1_n_0
    SLICE_X3Y18          FDSE                                         r  MDIO_master/mdio/ins_reg[56]/CE
  -------------------------------------------------------------------    -------------------

                         (clock clk_out1_clk_wiz_0 rise edge)
                                                     40.000    40.000 r  
    R4                                                0.000    40.000 r  sys_clk_p (IN)
                         net (fo=0)                   0.000    40.000    clk_wiz/inst/clk_in1_p
    R4                   IBUFDS (Prop_ibufds_I_O)     0.817    40.817 r  clk_wiz/inst/clkin1_ibufgds/O
                         net (fo=1, routed)           1.599    42.416    clk_wiz/inst/clk_in1_clk_wiz_0_buf
    BUFGCTRL_X0Y2        BUFG (Prop_bufg_I_O)         0.078    42.494 r  clk_wiz/inst/clkin1_bufg1/O
                         net (fo=1, routed)           1.304    43.798    clk_wiz/inst/clk_in1_clk_wiz_0
    PLLE2_ADV_X1Y0       PLLE2_ADV (Prop_plle2_adv_CLKIN1_CLKOUT0)
                                                     -2.730    41.067 r  clk_wiz/inst/plle2_adv_inst/CLKOUT0
                         net (fo=1, routed)           1.349    42.417    clk_wiz/inst/clk_out1_clk_wiz_0
    BUFGCTRL_X0Y0        BUFG (Prop_bufg_I_O)         0.077    42.494 r  clk_wiz/inst/clkout1_buf/O
                         net (fo=160, routed)         1.322    43.816    MDIO_master/mdio/clk
    SLICE_X3Y18          FDSE                                         r  MDIO_master/mdio/ins_reg[56]/C
                         clock pessimism              0.198    44.014    
                         clock uncertainty           -0.171    43.843    
    SLICE_X3Y18          FDSE (Setup_fdse_C_CE)      -0.168    43.675    MDIO_master/mdio/ins_reg[56]
  -------------------------------------------------------------------
                         required time                         43.675    
                         arrival time                         -27.054    
  -------------------------------------------------------------------
                         slack                                 16.621    

Slack (MET) :             16.621ns  (required time - arrival time)
  Source:                 MDIO_master/mdc/MDC_reg/C
                            (falling edge-triggered cell FDRE clocked by clk_out1_clk_wiz_0  {rise@0.000ns fall@20.000ns period=40.000ns})
  Destination:            MDIO_master/mdio/ins_reg[57]/CE
                            (rising edge-triggered cell FDSE clocked by clk_out1_clk_wiz_0  {rise@0.000ns fall@20.000ns period=40.000ns})
  Path Group:             clk_out1_clk_wiz_0
  Path Type:              Setup (Max at Slow Process Corner)
  Requirement:            20.000ns  (clk_out1_clk_wiz_0 rise@40.000ns - clk_out1_clk_wiz_0 fall@20.000ns)
  Data Path Delay:        3.057ns  (logic 0.647ns (21.164%)  route 2.410ns (78.836%))
  Logic Levels:           2  (LUT6=2)
  Clock Path Skew:        0.017ns (DCD - SCD + CPR)
    Destination Clock Delay (DCD):    3.816ns = ( 43.816 - 40.000 ) 
    Source Clock Delay      (SCD):    3.997ns = ( 23.997 - 20.000 ) 
    Clock Pessimism Removal (CPR):    0.198ns
  Clock Uncertainty:      0.171ns  ((TSJ^2 + DJ^2)^1/2) / 2 + PE
    Total System Jitter     (TSJ):    0.071ns
    Discrete Jitter          (DJ):    0.334ns
    Phase Error              (PE):    0.000ns

    Location             Delay type                Incr(ns)  Path(ns)    Netlist Resource(s)
  -------------------------------------------------------------------    -------------------
                         (clock clk_out1_clk_wiz_0 fall edge)
                                                     20.000    20.000 f  
    R4                                                0.000    20.000 f  sys_clk_p (IN)
                         net (fo=0)                   0.000    20.000    clk_wiz/inst/clk_in1_p
    R4                   IBUFDS (Prop_ibufds_I_O)     0.855    20.855 f  clk_wiz/inst/clkin1_ibufgds/O
                         net (fo=1, routed)           1.689    22.544    clk_wiz/inst/clk_in1_clk_wiz_0_buf
    BUFGCTRL_X0Y2        BUFG (Prop_bufg_I_O)         0.082    22.626 f  clk_wiz/inst/clkin1_bufg1/O
                         net (fo=1, routed)           1.408    24.034    clk_wiz/inst/clk_in1_clk_wiz_0
    PLLE2_ADV_X1Y0       PLLE2_ADV (Prop_plle2_adv_CLKIN1_CLKOUT0)
                                                     -2.908    21.126 f  clk_wiz/inst/plle2_adv_inst/CLKOUT0
                         net (fo=1, routed)           1.419    22.545    clk_wiz/inst/clk_out1_clk_wiz_0
    BUFGCTRL_X0Y0        BUFG (Prop_bufg_I_O)         0.081    22.626 f  clk_wiz/inst/clkout1_buf/O
                         net (fo=160, routed)         1.371    23.997    MDIO_master/mdc/clk_out1
    SLICE_X10Y9          FDRE                                         r  MDIO_master/mdc/MDC_reg/C  (IS_INVERTED)
  -------------------------------------------------------------------    -------------------
    SLICE_X10Y9          FDRE (Prop_fdre_C_Q)         0.437    24.434 f  MDIO_master/mdc/MDC_reg/Q
                         net (fo=7, routed)           1.213    25.646    MDIO_master/mdio/MDC
    SLICE_X2Y11          LUT6 (Prop_lut6_I0_O)        0.105    25.751 r  MDIO_master/mdio/busy_i_4/O
                         net (fo=3, routed)           0.399    26.150    MDIO_master/mdio/busy_i_4_n_0
    SLICE_X2Y12          LUT6 (Prop_lut6_I5_O)        0.105    26.255 r  MDIO_master/mdio/ins[63]_i_1/O
                         net (fo=48, routed)          0.798    27.054    MDIO_master/mdio/ins[63]_i_1_n_0
    SLICE_X3Y18          FDSE                                         r  MDIO_master/mdio/ins_reg[57]/CE
  -------------------------------------------------------------------    -------------------

                         (clock clk_out1_clk_wiz_0 rise edge)
                                                     40.000    40.000 r  
    R4                                                0.000    40.000 r  sys_clk_p (IN)
                         net (fo=0)                   0.000    40.000    clk_wiz/inst/clk_in1_p
    R4                   IBUFDS (Prop_ibufds_I_O)     0.817    40.817 r  clk_wiz/inst/clkin1_ibufgds/O
                         net (fo=1, routed)           1.599    42.416    clk_wiz/inst/clk_in1_clk_wiz_0_buf
    BUFGCTRL_X0Y2        BUFG (Prop_bufg_I_O)         0.078    42.494 r  clk_wiz/inst/clkin1_bufg1/O
                         net (fo=1, routed)           1.304    43.798    clk_wiz/inst/clk_in1_clk_wiz_0
    PLLE2_ADV_X1Y0       PLLE2_ADV (Prop_plle2_adv_CLKIN1_CLKOUT0)
                                                     -2.730    41.067 r  clk_wiz/inst/plle2_adv_inst/CLKOUT0
                         net (fo=1, routed)           1.349    42.417    clk_wiz/inst/clk_out1_clk_wiz_0
    BUFGCTRL_X0Y0        BUFG (Prop_bufg_I_O)         0.077    42.494 r  clk_wiz/inst/clkout1_buf/O
                         net (fo=160, routed)         1.322    43.816    MDIO_master/mdio/clk
    SLICE_X3Y18          FDSE                                         r  MDIO_master/mdio/ins_reg[57]/C
                         clock pessimism              0.198    44.014    
                         clock uncertainty           -0.171    43.843    
    SLICE_X3Y18          FDSE (Setup_fdse_C_CE)      -0.168    43.675    MDIO_master/mdio/ins_reg[57]
  -------------------------------------------------------------------
                         required time                         43.675    
                         arrival time                         -27.054    
  -------------------------------------------------------------------
                         slack                                 16.621    

Slack (MET) :             16.621ns  (required time - arrival time)
  Source:                 MDIO_master/mdc/MDC_reg/C
                            (falling edge-triggered cell FDRE clocked by clk_out1_clk_wiz_0  {rise@0.000ns fall@20.000ns period=40.000ns})
  Destination:            MDIO_master/mdio/ins_reg[58]/CE
                            (rising edge-triggered cell FDSE clocked by clk_out1_clk_wiz_0  {rise@0.000ns fall@20.000ns period=40.000ns})
  Path Group:             clk_out1_clk_wiz_0
  Path Type:              Setup (Max at Slow Process Corner)
  Requirement:            20.000ns  (clk_out1_clk_wiz_0 rise@40.000ns - clk_out1_clk_wiz_0 fall@20.000ns)
  Data Path Delay:        3.057ns  (logic 0.647ns (21.164%)  route 2.410ns (78.836%))
  Logic Levels:           2  (LUT6=2)
  Clock Path Skew:        0.017ns (DCD - SCD + CPR)
    Destination Clock Delay (DCD):    3.816ns = ( 43.816 - 40.000 ) 
    Source Clock Delay      (SCD):    3.997ns = ( 23.997 - 20.000 ) 
    Clock Pessimism Removal (CPR):    0.198ns
  Clock Uncertainty:      0.171ns  ((TSJ^2 + DJ^2)^1/2) / 2 + PE
    Total System Jitter     (TSJ):    0.071ns
    Discrete Jitter          (DJ):    0.334ns
    Phase Error              (PE):    0.000ns

    Location             Delay type                Incr(ns)  Path(ns)    Netlist Resource(s)
  -------------------------------------------------------------------    -------------------
                         (clock clk_out1_clk_wiz_0 fall edge)
                                                     20.000    20.000 f  
    R4                                                0.000    20.000 f  sys_clk_p (IN)
                         net (fo=0)                   0.000    20.000    clk_wiz/inst/clk_in1_p
    R4                   IBUFDS (Prop_ibufds_I_O)     0.855    20.855 f  clk_wiz/inst/clkin1_ibufgds/O
                         net (fo=1, routed)           1.689    22.544    clk_wiz/inst/clk_in1_clk_wiz_0_buf
    BUFGCTRL_X0Y2        BUFG (Prop_bufg_I_O)         0.082    22.626 f  clk_wiz/inst/clkin1_bufg1/O
                         net (fo=1, routed)           1.408    24.034    clk_wiz/inst/clk_in1_clk_wiz_0
    PLLE2_ADV_X1Y0       PLLE2_ADV (Prop_plle2_adv_CLKIN1_CLKOUT0)
                                                     -2.908    21.126 f  clk_wiz/inst/plle2_adv_inst/CLKOUT0
                         net (fo=1, routed)           1.419    22.545    clk_wiz/inst/clk_out1_clk_wiz_0
    BUFGCTRL_X0Y0        BUFG (Prop_bufg_I_O)         0.081    22.626 f  clk_wiz/inst/clkout1_buf/O
                         net (fo=160, routed)         1.371    23.997    MDIO_master/mdc/clk_out1
    SLICE_X10Y9          FDRE                                         r  MDIO_master/mdc/MDC_reg/C  (IS_INVERTED)
  -------------------------------------------------------------------    -------------------
    SLICE_X10Y9          FDRE (Prop_fdre_C_Q)         0.437    24.434 f  MDIO_master/mdc/MDC_reg/Q
                         net (fo=7, routed)           1.213    25.646    MDIO_master/mdio/MDC
    SLICE_X2Y11          LUT6 (Prop_lut6_I0_O)        0.105    25.751 r  MDIO_master/mdio/busy_i_4/O
                         net (fo=3, routed)           0.399    26.150    MDIO_master/mdio/busy_i_4_n_0
    SLICE_X2Y12          LUT6 (Prop_lut6_I5_O)        0.105    26.255 r  MDIO_master/mdio/ins[63]_i_1/O
                         net (fo=48, routed)          0.798    27.054    MDIO_master/mdio/ins[63]_i_1_n_0
    SLICE_X3Y18          FDSE                                         r  MDIO_master/mdio/ins_reg[58]/CE
  -------------------------------------------------------------------    -------------------

                         (clock clk_out1_clk_wiz_0 rise edge)
                                                     40.000    40.000 r  
    R4                                                0.000    40.000 r  sys_clk_p (IN)
                         net (fo=0)                   0.000    40.000    clk_wiz/inst/clk_in1_p
    R4                   IBUFDS (Prop_ibufds_I_O)     0.817    40.817 r  clk_wiz/inst/clkin1_ibufgds/O
                         net (fo=1, routed)           1.599    42.416    clk_wiz/inst/clk_in1_clk_wiz_0_buf
    BUFGCTRL_X0Y2        BUFG (Prop_bufg_I_O)         0.078    42.494 r  clk_wiz/inst/clkin1_bufg1/O
                         net (fo=1, routed)           1.304    43.798    clk_wiz/inst/clk_in1_clk_wiz_0
    PLLE2_ADV_X1Y0       PLLE2_ADV (Prop_plle2_adv_CLKIN1_CLKOUT0)
                                                     -2.730    41.067 r  clk_wiz/inst/plle2_adv_inst/CLKOUT0
                         net (fo=1, routed)           1.349    42.417    clk_wiz/inst/clk_out1_clk_wiz_0
    BUFGCTRL_X0Y0        BUFG (Prop_bufg_I_O)         0.077    42.494 r  clk_wiz/inst/clkout1_buf/O
                         net (fo=160, routed)         1.322    43.816    MDIO_master/mdio/clk
    SLICE_X3Y18          FDSE                                         r  MDIO_master/mdio/ins_reg[58]/C
                         clock pessimism              0.198    44.014    
                         clock uncertainty           -0.171    43.843    
    SLICE_X3Y18          FDSE (Setup_fdse_C_CE)      -0.168    43.675    MDIO_master/mdio/ins_reg[58]
  -------------------------------------------------------------------
                         required time                         43.675    
                         arrival time                         -27.054    
  -------------------------------------------------------------------
                         slack                                 16.621    

Slack (MET) :             16.764ns  (required time - arrival time)
  Source:                 MDIO_master/mdc/MDC_reg/C
                            (falling edge-triggered cell FDRE clocked by clk_out1_clk_wiz_0  {rise@0.000ns fall@20.000ns period=40.000ns})
  Destination:            MDIO_master/mdio/ins_reg[19]/CE
                            (rising edge-triggered cell FDSE clocked by clk_out1_clk_wiz_0  {rise@0.000ns fall@20.000ns period=40.000ns})
  Path Group:             clk_out1_clk_wiz_0
  Path Type:              Setup (Max at Slow Process Corner)
  Requirement:            20.000ns  (clk_out1_clk_wiz_0 rise@40.000ns - clk_out1_clk_wiz_0 fall@20.000ns)
  Data Path Delay:        2.915ns  (logic 0.647ns (22.194%)  route 2.268ns (77.806%))
  Logic Levels:           2  (LUT6=2)
  Clock Path Skew:        0.018ns (DCD - SCD + CPR)
    Destination Clock Delay (DCD):    3.817ns = ( 43.817 - 40.000 ) 
    Source Clock Delay      (SCD):    3.997ns = ( 23.997 - 20.000 ) 
    Clock Pessimism Removal (CPR):    0.198ns
  Clock Uncertainty:      0.171ns  ((TSJ^2 + DJ^2)^1/2) / 2 + PE
    Total System Jitter     (TSJ):    0.071ns
    Discrete Jitter          (DJ):    0.334ns
    Phase Error              (PE):    0.000ns

    Location             Delay type                Incr(ns)  Path(ns)    Netlist Resource(s)
  -------------------------------------------------------------------    -------------------
                         (clock clk_out1_clk_wiz_0 fall edge)
                                                     20.000    20.000 f  
    R4                                                0.000    20.000 f  sys_clk_p (IN)
                         net (fo=0)                   0.000    20.000    clk_wiz/inst/clk_in1_p
    R4                   IBUFDS (Prop_ibufds_I_O)     0.855    20.855 f  clk_wiz/inst/clkin1_ibufgds/O
                         net (fo=1, routed)           1.689    22.544    clk_wiz/inst/clk_in1_clk_wiz_0_buf
    BUFGCTRL_X0Y2        BUFG (Prop_bufg_I_O)         0.082    22.626 f  clk_wiz/inst/clkin1_bufg1/O
                         net (fo=1, routed)           1.408    24.034    clk_wiz/inst/clk_in1_clk_wiz_0
    PLLE2_ADV_X1Y0       PLLE2_ADV (Prop_plle2_adv_CLKIN1_CLKOUT0)
                                                     -2.908    21.126 f  clk_wiz/inst/plle2_adv_inst/CLKOUT0
                         net (fo=1, routed)           1.419    22.545    clk_wiz/inst/clk_out1_clk_wiz_0
    BUFGCTRL_X0Y0        BUFG (Prop_bufg_I_O)         0.081    22.626 f  clk_wiz/inst/clkout1_buf/O
                         net (fo=160, routed)         1.371    23.997    MDIO_master/mdc/clk_out1
    SLICE_X10Y9          FDRE                                         r  MDIO_master/mdc/MDC_reg/C  (IS_INVERTED)
  -------------------------------------------------------------------    -------------------
    SLICE_X10Y9          FDRE (Prop_fdre_C_Q)         0.437    24.434 f  MDIO_master/mdc/MDC_reg/Q
                         net (fo=7, routed)           1.213    25.646    MDIO_master/mdio/MDC
    SLICE_X2Y11          LUT6 (Prop_lut6_I0_O)        0.105    25.751 r  MDIO_master/mdio/busy_i_4/O
                         net (fo=3, routed)           0.399    26.150    MDIO_master/mdio/busy_i_4_n_0
    SLICE_X2Y12          LUT6 (Prop_lut6_I5_O)        0.105    26.255 r  MDIO_master/mdio/ins[63]_i_1/O
                         net (fo=48, routed)          0.657    26.912    MDIO_master/mdio/ins[63]_i_1_n_0
    SLICE_X0Y17          FDSE                                         r  MDIO_master/mdio/ins_reg[19]/CE
  -------------------------------------------------------------------    -------------------

                         (clock clk_out1_clk_wiz_0 rise edge)
                                                     40.000    40.000 r  
    R4                                                0.000    40.000 r  sys_clk_p (IN)
                         net (fo=0)                   0.000    40.000    clk_wiz/inst/clk_in1_p
    R4                   IBUFDS (Prop_ibufds_I_O)     0.817    40.817 r  clk_wiz/inst/clkin1_ibufgds/O
                         net (fo=1, routed)           1.599    42.416    clk_wiz/inst/clk_in1_clk_wiz_0_buf
    BUFGCTRL_X0Y2        BUFG (Prop_bufg_I_O)         0.078    42.494 r  clk_wiz/inst/clkin1_bufg1/O
                         net (fo=1, routed)           1.304    43.798    clk_wiz/inst/clk_in1_clk_wiz_0
    PLLE2_ADV_X1Y0       PLLE2_ADV (Prop_plle2_adv_CLKIN1_CLKOUT0)
                                                     -2.730    41.067 r  clk_wiz/inst/plle2_adv_inst/CLKOUT0
                         net (fo=1, routed)           1.349    42.417    clk_wiz/inst/clk_out1_clk_wiz_0
    BUFGCTRL_X0Y0        BUFG (Prop_bufg_I_O)         0.077    42.494 r  clk_wiz/inst/clkout1_buf/O
                         net (fo=160, routed)         1.323    43.817    MDIO_master/mdio/clk
    SLICE_X0Y17          FDSE                                         r  MDIO_master/mdio/ins_reg[19]/C
                         clock pessimism              0.198    44.015    
                         clock uncertainty           -0.171    43.844    
    SLICE_X0Y17          FDSE (Setup_fdse_C_CE)      -0.168    43.676    MDIO_master/mdio/ins_reg[19]
  -------------------------------------------------------------------
                         required time                         43.676    
                         arrival time                         -26.912    
  -------------------------------------------------------------------
                         slack                                 16.764    

Slack (MET) :             16.764ns  (required time - arrival time)
  Source:                 MDIO_master/mdc/MDC_reg/C
                            (falling edge-triggered cell FDRE clocked by clk_out1_clk_wiz_0  {rise@0.000ns fall@20.000ns period=40.000ns})
  Destination:            MDIO_master/mdio/ins_reg[20]/CE
                            (rising edge-triggered cell FDSE clocked by clk_out1_clk_wiz_0  {rise@0.000ns fall@20.000ns period=40.000ns})
  Path Group:             clk_out1_clk_wiz_0
  Path Type:              Setup (Max at Slow Process Corner)
  Requirement:            20.000ns  (clk_out1_clk_wiz_0 rise@40.000ns - clk_out1_clk_wiz_0 fall@20.000ns)
  Data Path Delay:        2.915ns  (logic 0.647ns (22.194%)  route 2.268ns (77.806%))
  Logic Levels:           2  (LUT6=2)
  Clock Path Skew:        0.018ns (DCD - SCD + CPR)
    Destination Clock Delay (DCD):    3.817ns = ( 43.817 - 40.000 ) 
    Source Clock Delay      (SCD):    3.997ns = ( 23.997 - 20.000 ) 
    Clock Pessimism Removal (CPR):    0.198ns
  Clock Uncertainty:      0.171ns  ((TSJ^2 + DJ^2)^1/2) / 2 + PE
    Total System Jitter     (TSJ):    0.071ns
    Discrete Jitter          (DJ):    0.334ns
    Phase Error              (PE):    0.000ns

    Location             Delay type                Incr(ns)  Path(ns)    Netlist Resource(s)
  -------------------------------------------------------------------    -------------------
                         (clock clk_out1_clk_wiz_0 fall edge)
                                                     20.000    20.000 f  
    R4                                                0.000    20.000 f  sys_clk_p (IN)
                         net (fo=0)                   0.000    20.000    clk_wiz/inst/clk_in1_p
    R4                   IBUFDS (Prop_ibufds_I_O)     0.855    20.855 f  clk_wiz/inst/clkin1_ibufgds/O
                         net (fo=1, routed)           1.689    22.544    clk_wiz/inst/clk_in1_clk_wiz_0_buf
    BUFGCTRL_X0Y2        BUFG (Prop_bufg_I_O)         0.082    22.626 f  clk_wiz/inst/clkin1_bufg1/O
                         net (fo=1, routed)           1.408    24.034    clk_wiz/inst/clk_in1_clk_wiz_0
    PLLE2_ADV_X1Y0       PLLE2_ADV (Prop_plle2_adv_CLKIN1_CLKOUT0)
                                                     -2.908    21.126 f  clk_wiz/inst/plle2_adv_inst/CLKOUT0
                         net (fo=1, routed)           1.419    22.545    clk_wiz/inst/clk_out1_clk_wiz_0
    BUFGCTRL_X0Y0        BUFG (Prop_bufg_I_O)         0.081    22.626 f  clk_wiz/inst/clkout1_buf/O
                         net (fo=160, routed)         1.371    23.997    MDIO_master/mdc/clk_out1
    SLICE_X10Y9          FDRE                                         r  MDIO_master/mdc/MDC_reg/C  (IS_INVERTED)
  -------------------------------------------------------------------    -------------------
    SLICE_X10Y9          FDRE (Prop_fdre_C_Q)         0.437    24.434 f  MDIO_master/mdc/MDC_reg/Q
                         net (fo=7, routed)           1.213    25.646    MDIO_master/mdio/MDC
    SLICE_X2Y11          LUT6 (Prop_lut6_I0_O)        0.105    25.751 r  MDIO_master/mdio/busy_i_4/O
                         net (fo=3, routed)           0.399    26.150    MDIO_master/mdio/busy_i_4_n_0
    SLICE_X2Y12          LUT6 (Prop_lut6_I5_O)        0.105    26.255 r  MDIO_master/mdio/ins[63]_i_1/O
                         net (fo=48, routed)          0.657    26.912    MDIO_master/mdio/ins[63]_i_1_n_0
    SLICE_X0Y17          FDSE                                         r  MDIO_master/mdio/ins_reg[20]/CE
  -------------------------------------------------------------------    -------------------

                         (clock clk_out1_clk_wiz_0 rise edge)
                                                     40.000    40.000 r  
    R4                                                0.000    40.000 r  sys_clk_p (IN)
                         net (fo=0)                   0.000    40.000    clk_wiz/inst/clk_in1_p
    R4                   IBUFDS (Prop_ibufds_I_O)     0.817    40.817 r  clk_wiz/inst/clkin1_ibufgds/O
                         net (fo=1, routed)           1.599    42.416    clk_wiz/inst/clk_in1_clk_wiz_0_buf
    BUFGCTRL_X0Y2        BUFG (Prop_bufg_I_O)         0.078    42.494 r  clk_wiz/inst/clkin1_bufg1/O
                         net (fo=1, routed)           1.304    43.798    clk_wiz/inst/clk_in1_clk_wiz_0
    PLLE2_ADV_X1Y0       PLLE2_ADV (Prop_plle2_adv_CLKIN1_CLKOUT0)
                                                     -2.730    41.067 r  clk_wiz/inst/plle2_adv_inst/CLKOUT0
                         net (fo=1, routed)           1.349    42.417    clk_wiz/inst/clk_out1_clk_wiz_0
    BUFGCTRL_X0Y0        BUFG (Prop_bufg_I_O)         0.077    42.494 r  clk_wiz/inst/clkout1_buf/O
                         net (fo=160, routed)         1.323    43.817    MDIO_master/mdio/clk
    SLICE_X0Y17          FDSE                                         r  MDIO_master/mdio/ins_reg[20]/C
                         clock pessimism              0.198    44.015    
                         clock uncertainty           -0.171    43.844    
    SLICE_X0Y17          FDSE (Setup_fdse_C_CE)      -0.168    43.676    MDIO_master/mdio/ins_reg[20]
  -------------------------------------------------------------------
                         required time                         43.676    
                         arrival time                         -26.912    
  -------------------------------------------------------------------
                         slack                                 16.764    

Slack (MET) :             16.764ns  (required time - arrival time)
  Source:                 MDIO_master/mdc/MDC_reg/C
                            (falling edge-triggered cell FDRE clocked by clk_out1_clk_wiz_0  {rise@0.000ns fall@20.000ns period=40.000ns})
  Destination:            MDIO_master/mdio/ins_reg[21]/CE
                            (rising edge-triggered cell FDSE clocked by clk_out1_clk_wiz_0  {rise@0.000ns fall@20.000ns period=40.000ns})
  Path Group:             clk_out1_clk_wiz_0
  Path Type:              Setup (Max at Slow Process Corner)
  Requirement:            20.000ns  (clk_out1_clk_wiz_0 rise@40.000ns - clk_out1_clk_wiz_0 fall@20.000ns)
  Data Path Delay:        2.915ns  (logic 0.647ns (22.194%)  route 2.268ns (77.806%))
  Logic Levels:           2  (LUT6=2)
  Clock Path Skew:        0.018ns (DCD - SCD + CPR)
    Destination Clock Delay (DCD):    3.817ns = ( 43.817 - 40.000 ) 
    Source Clock Delay      (SCD):    3.997ns = ( 23.997 - 20.000 ) 
    Clock Pessimism Removal (CPR):    0.198ns
  Clock Uncertainty:      0.171ns  ((TSJ^2 + DJ^2)^1/2) / 2 + PE
    Total System Jitter     (TSJ):    0.071ns
    Discrete Jitter          (DJ):    0.334ns
    Phase Error              (PE):    0.000ns

    Location             Delay type                Incr(ns)  Path(ns)    Netlist Resource(s)
  -------------------------------------------------------------------    -------------------
                         (clock clk_out1_clk_wiz_0 fall edge)
                                                     20.000    20.000 f  
    R4                                                0.000    20.000 f  sys_clk_p (IN)
                         net (fo=0)                   0.000    20.000    clk_wiz/inst/clk_in1_p
    R4                   IBUFDS (Prop_ibufds_I_O)     0.855    20.855 f  clk_wiz/inst/clkin1_ibufgds/O
                         net (fo=1, routed)           1.689    22.544    clk_wiz/inst/clk_in1_clk_wiz_0_buf
    BUFGCTRL_X0Y2        BUFG (Prop_bufg_I_O)         0.082    22.626 f  clk_wiz/inst/clkin1_bufg1/O
                         net (fo=1, routed)           1.408    24.034    clk_wiz/inst/clk_in1_clk_wiz_0
    PLLE2_ADV_X1Y0       PLLE2_ADV (Prop_plle2_adv_CLKIN1_CLKOUT0)
                                                     -2.908    21.126 f  clk_wiz/inst/plle2_adv_inst/CLKOUT0
                         net (fo=1, routed)           1.419    22.545    clk_wiz/inst/clk_out1_clk_wiz_0
    BUFGCTRL_X0Y0        BUFG (Prop_bufg_I_O)         0.081    22.626 f  clk_wiz/inst/clkout1_buf/O
                         net (fo=160, routed)         1.371    23.997    MDIO_master/mdc/clk_out1
    SLICE_X10Y9          FDRE                                         r  MDIO_master/mdc/MDC_reg/C  (IS_INVERTED)
  -------------------------------------------------------------------    -------------------
    SLICE_X10Y9          FDRE (Prop_fdre_C_Q)         0.437    24.434 f  MDIO_master/mdc/MDC_reg/Q
                         net (fo=7, routed)           1.213    25.646    MDIO_master/mdio/MDC
    SLICE_X2Y11          LUT6 (Prop_lut6_I0_O)        0.105    25.751 r  MDIO_master/mdio/busy_i_4/O
                         net (fo=3, routed)           0.399    26.150    MDIO_master/mdio/busy_i_4_n_0
    SLICE_X2Y12          LUT6 (Prop_lut6_I5_O)        0.105    26.255 r  MDIO_master/mdio/ins[63]_i_1/O
                         net (fo=48, routed)          0.657    26.912    MDIO_master/mdio/ins[63]_i_1_n_0
    SLICE_X0Y17          FDSE                                         r  MDIO_master/mdio/ins_reg[21]/CE
  -------------------------------------------------------------------    -------------------

                         (clock clk_out1_clk_wiz_0 rise edge)
                                                     40.000    40.000 r  
    R4                                                0.000    40.000 r  sys_clk_p (IN)
                         net (fo=0)                   0.000    40.000    clk_wiz/inst/clk_in1_p
    R4                   IBUFDS (Prop_ibufds_I_O)     0.817    40.817 r  clk_wiz/inst/clkin1_ibufgds/O
                         net (fo=1, routed)           1.599    42.416    clk_wiz/inst/clk_in1_clk_wiz_0_buf
    BUFGCTRL_X0Y2        BUFG (Prop_bufg_I_O)         0.078    42.494 r  clk_wiz/inst/clkin1_bufg1/O
                         net (fo=1, routed)           1.304    43.798    clk_wiz/inst/clk_in1_clk_wiz_0
    PLLE2_ADV_X1Y0       PLLE2_ADV (Prop_plle2_adv_CLKIN1_CLKOUT0)
                                                     -2.730    41.067 r  clk_wiz/inst/plle2_adv_inst/CLKOUT0
                         net (fo=1, routed)           1.349    42.417    clk_wiz/inst/clk_out1_clk_wiz_0
    BUFGCTRL_X0Y0        BUFG (Prop_bufg_I_O)         0.077    42.494 r  clk_wiz/inst/clkout1_buf/O
                         net (fo=160, routed)         1.323    43.817    MDIO_master/mdio/clk
    SLICE_X0Y17          FDSE                                         r  MDIO_master/mdio/ins_reg[21]/C
                         clock pessimism              0.198    44.015    
                         clock uncertainty           -0.171    43.844    
    SLICE_X0Y17          FDSE (Setup_fdse_C_CE)      -0.168    43.676    MDIO_master/mdio/ins_reg[21]
  -------------------------------------------------------------------
                         required time                         43.676    
                         arrival time                         -26.912    
  -------------------------------------------------------------------
                         slack                                 16.764    

Slack (MET) :             16.764ns  (required time - arrival time)
  Source:                 MDIO_master/mdc/MDC_reg/C
                            (falling edge-triggered cell FDRE clocked by clk_out1_clk_wiz_0  {rise@0.000ns fall@20.000ns period=40.000ns})
  Destination:            MDIO_master/mdio/ins_reg[22]/CE
                            (rising edge-triggered cell FDSE clocked by clk_out1_clk_wiz_0  {rise@0.000ns fall@20.000ns period=40.000ns})
  Path Group:             clk_out1_clk_wiz_0
  Path Type:              Setup (Max at Slow Process Corner)
  Requirement:            20.000ns  (clk_out1_clk_wiz_0 rise@40.000ns - clk_out1_clk_wiz_0 fall@20.000ns)
  Data Path Delay:        2.915ns  (logic 0.647ns (22.194%)  route 2.268ns (77.806%))
  Logic Levels:           2  (LUT6=2)
  Clock Path Skew:        0.018ns (DCD - SCD + CPR)
    Destination Clock Delay (DCD):    3.817ns = ( 43.817 - 40.000 ) 
    Source Clock Delay      (SCD):    3.997ns = ( 23.997 - 20.000 ) 
    Clock Pessimism Removal (CPR):    0.198ns
  Clock Uncertainty:      0.171ns  ((TSJ^2 + DJ^2)^1/2) / 2 + PE
    Total System Jitter     (TSJ):    0.071ns
    Discrete Jitter          (DJ):    0.334ns
    Phase Error              (PE):    0.000ns

    Location             Delay type                Incr(ns)  Path(ns)    Netlist Resource(s)
  -------------------------------------------------------------------    -------------------
                         (clock clk_out1_clk_wiz_0 fall edge)
                                                     20.000    20.000 f  
    R4                                                0.000    20.000 f  sys_clk_p (IN)
                         net (fo=0)                   0.000    20.000    clk_wiz/inst/clk_in1_p
    R4                   IBUFDS (Prop_ibufds_I_O)     0.855    20.855 f  clk_wiz/inst/clkin1_ibufgds/O
                         net (fo=1, routed)           1.689    22.544    clk_wiz/inst/clk_in1_clk_wiz_0_buf
    BUFGCTRL_X0Y2        BUFG (Prop_bufg_I_O)         0.082    22.626 f  clk_wiz/inst/clkin1_bufg1/O
                         net (fo=1, routed)           1.408    24.034    clk_wiz/inst/clk_in1_clk_wiz_0
    PLLE2_ADV_X1Y0       PLLE2_ADV (Prop_plle2_adv_CLKIN1_CLKOUT0)
                                                     -2.908    21.126 f  clk_wiz/inst/plle2_adv_inst/CLKOUT0
                         net (fo=1, routed)           1.419    22.545    clk_wiz/inst/clk_out1_clk_wiz_0
    BUFGCTRL_X0Y0        BUFG (Prop_bufg_I_O)         0.081    22.626 f  clk_wiz/inst/clkout1_buf/O
                         net (fo=160, routed)         1.371    23.997    MDIO_master/mdc/clk_out1
    SLICE_X10Y9          FDRE                                         r  MDIO_master/mdc/MDC_reg/C  (IS_INVERTED)
  -------------------------------------------------------------------    -------------------
    SLICE_X10Y9          FDRE (Prop_fdre_C_Q)         0.437    24.434 f  MDIO_master/mdc/MDC_reg/Q
                         net (fo=7, routed)           1.213    25.646    MDIO_master/mdio/MDC
    SLICE_X2Y11          LUT6 (Prop_lut6_I0_O)        0.105    25.751 r  MDIO_master/mdio/busy_i_4/O
                         net (fo=3, routed)           0.399    26.150    MDIO_master/mdio/busy_i_4_n_0
    SLICE_X2Y12          LUT6 (Prop_lut6_I5_O)        0.105    26.255 r  MDIO_master/mdio/ins[63]_i_1/O
                         net (fo=48, routed)          0.657    26.912    MDIO_master/mdio/ins[63]_i_1_n_0
    SLICE_X0Y17          FDSE                                         r  MDIO_master/mdio/ins_reg[22]/CE
  -------------------------------------------------------------------    -------------------

                         (clock clk_out1_clk_wiz_0 rise edge)
                                                     40.000    40.000 r  
    R4                                                0.000    40.000 r  sys_clk_p (IN)
                         net (fo=0)                   0.000    40.000    clk_wiz/inst/clk_in1_p
    R4                   IBUFDS (Prop_ibufds_I_O)     0.817    40.817 r  clk_wiz/inst/clkin1_ibufgds/O
                         net (fo=1, routed)           1.599    42.416    clk_wiz/inst/clk_in1_clk_wiz_0_buf
    BUFGCTRL_X0Y2        BUFG (Prop_bufg_I_O)         0.078    42.494 r  clk_wiz/inst/clkin1_bufg1/O
                         net (fo=1, routed)           1.304    43.798    clk_wiz/inst/clk_in1_clk_wiz_0
    PLLE2_ADV_X1Y0       PLLE2_ADV (Prop_plle2_adv_CLKIN1_CLKOUT0)
                                                     -2.730    41.067 r  clk_wiz/inst/plle2_adv_inst/CLKOUT0
                         net (fo=1, routed)           1.349    42.417    clk_wiz/inst/clk_out1_clk_wiz_0
    BUFGCTRL_X0Y0        BUFG (Prop_bufg_I_O)         0.077    42.494 r  clk_wiz/inst/clkout1_buf/O
                         net (fo=160, routed)         1.323    43.817    MDIO_master/mdio/clk
    SLICE_X0Y17          FDSE                                         r  MDIO_master/mdio/ins_reg[22]/C
                         clock pessimism              0.198    44.015    
                         clock uncertainty           -0.171    43.844    
    SLICE_X0Y17          FDSE (Setup_fdse_C_CE)      -0.168    43.676    MDIO_master/mdio/ins_reg[22]
  -------------------------------------------------------------------
                         required time                         43.676    
                         arrival time                         -26.912    
  -------------------------------------------------------------------
                         slack                                 16.764    

Slack (MET) :             16.796ns  (required time - arrival time)
  Source:                 MDIO_master/mdc/MDC_reg/C
                            (falling edge-triggered cell FDRE clocked by clk_out1_clk_wiz_0  {rise@0.000ns fall@20.000ns period=40.000ns})
  Destination:            MDIO_master/mdio/ins_reg[23]/CE
                            (rising edge-triggered cell FDSE clocked by clk_out1_clk_wiz_0  {rise@0.000ns fall@20.000ns period=40.000ns})
  Path Group:             clk_out1_clk_wiz_0
  Path Type:              Setup (Max at Slow Process Corner)
  Requirement:            20.000ns  (clk_out1_clk_wiz_0 rise@40.000ns - clk_out1_clk_wiz_0 fall@20.000ns)
  Data Path Delay:        2.914ns  (logic 0.647ns (22.200%)  route 2.267ns (77.800%))
  Logic Levels:           2  (LUT6=2)
  Clock Path Skew:        0.017ns (DCD - SCD + CPR)
    Destination Clock Delay (DCD):    3.816ns = ( 43.816 - 40.000 ) 
    Source Clock Delay      (SCD):    3.997ns = ( 23.997 - 20.000 ) 
    Clock Pessimism Removal (CPR):    0.198ns
  Clock Uncertainty:      0.171ns  ((TSJ^2 + DJ^2)^1/2) / 2 + PE
    Total System Jitter     (TSJ):    0.071ns
    Discrete Jitter          (DJ):    0.334ns
    Phase Error              (PE):    0.000ns

    Location             Delay type                Incr(ns)  Path(ns)    Netlist Resource(s)
  -------------------------------------------------------------------    -------------------
                         (clock clk_out1_clk_wiz_0 fall edge)
                                                     20.000    20.000 f  
    R4                                                0.000    20.000 f  sys_clk_p (IN)
                         net (fo=0)                   0.000    20.000    clk_wiz/inst/clk_in1_p
    R4                   IBUFDS (Prop_ibufds_I_O)     0.855    20.855 f  clk_wiz/inst/clkin1_ibufgds/O
                         net (fo=1, routed)           1.689    22.544    clk_wiz/inst/clk_in1_clk_wiz_0_buf
    BUFGCTRL_X0Y2        BUFG (Prop_bufg_I_O)         0.082    22.626 f  clk_wiz/inst/clkin1_bufg1/O
                         net (fo=1, routed)           1.408    24.034    clk_wiz/inst/clk_in1_clk_wiz_0
    PLLE2_ADV_X1Y0       PLLE2_ADV (Prop_plle2_adv_CLKIN1_CLKOUT0)
                                                     -2.908    21.126 f  clk_wiz/inst/plle2_adv_inst/CLKOUT0
                         net (fo=1, routed)           1.419    22.545    clk_wiz/inst/clk_out1_clk_wiz_0
    BUFGCTRL_X0Y0        BUFG (Prop_bufg_I_O)         0.081    22.626 f  clk_wiz/inst/clkout1_buf/O
                         net (fo=160, routed)         1.371    23.997    MDIO_master/mdc/clk_out1
    SLICE_X10Y9          FDRE                                         r  MDIO_master/mdc/MDC_reg/C  (IS_INVERTED)
  -------------------------------------------------------------------    -------------------
    SLICE_X10Y9          FDRE (Prop_fdre_C_Q)         0.437    24.434 f  MDIO_master/mdc/MDC_reg/Q
                         net (fo=7, routed)           1.213    25.646    MDIO_master/mdio/MDC
    SLICE_X2Y11          LUT6 (Prop_lut6_I0_O)        0.105    25.751 r  MDIO_master/mdio/busy_i_4/O
                         net (fo=3, routed)           0.399    26.150    MDIO_master/mdio/busy_i_4_n_0
    SLICE_X2Y12          LUT6 (Prop_lut6_I5_O)        0.105    26.255 r  MDIO_master/mdio/ins[63]_i_1/O
                         net (fo=48, routed)          0.656    26.911    MDIO_master/mdio/ins[63]_i_1_n_0
    SLICE_X2Y18          FDSE                                         r  MDIO_master/mdio/ins_reg[23]/CE
  -------------------------------------------------------------------    -------------------

                         (clock clk_out1_clk_wiz_0 rise edge)
                                                     40.000    40.000 r  
    R4                                                0.000    40.000 r  sys_clk_p (IN)
                         net (fo=0)                   0.000    40.000    clk_wiz/inst/clk_in1_p
    R4                   IBUFDS (Prop_ibufds_I_O)     0.817    40.817 r  clk_wiz/inst/clkin1_ibufgds/O
                         net (fo=1, routed)           1.599    42.416    clk_wiz/inst/clk_in1_clk_wiz_0_buf
    BUFGCTRL_X0Y2        BUFG (Prop_bufg_I_O)         0.078    42.494 r  clk_wiz/inst/clkin1_bufg1/O
                         net (fo=1, routed)           1.304    43.798    clk_wiz/inst/clk_in1_clk_wiz_0
    PLLE2_ADV_X1Y0       PLLE2_ADV (Prop_plle2_adv_CLKIN1_CLKOUT0)
                                                     -2.730    41.067 r  clk_wiz/inst/plle2_adv_inst/CLKOUT0
                         net (fo=1, routed)           1.349    42.417    clk_wiz/inst/clk_out1_clk_wiz_0
    BUFGCTRL_X0Y0        BUFG (Prop_bufg_I_O)         0.077    42.494 r  clk_wiz/inst/clkout1_buf/O
                         net (fo=160, routed)         1.322    43.816    MDIO_master/mdio/clk
    SLICE_X2Y18          FDSE                                         r  MDIO_master/mdio/ins_reg[23]/C
                         clock pessimism              0.198    44.014    
                         clock uncertainty           -0.171    43.843    
    SLICE_X2Y18          FDSE (Setup_fdse_C_CE)      -0.136    43.707    MDIO_master/mdio/ins_reg[23]
  -------------------------------------------------------------------
                         required time                         43.707    
                         arrival time                         -26.911    
  -------------------------------------------------------------------
                         slack                                 16.796    

Slack (MET) :             16.796ns  (required time - arrival time)
  Source:                 MDIO_master/mdc/MDC_reg/C
                            (falling edge-triggered cell FDRE clocked by clk_out1_clk_wiz_0  {rise@0.000ns fall@20.000ns period=40.000ns})
  Destination:            MDIO_master/mdio/ins_reg[24]/CE
                            (rising edge-triggered cell FDSE clocked by clk_out1_clk_wiz_0  {rise@0.000ns fall@20.000ns period=40.000ns})
  Path Group:             clk_out1_clk_wiz_0
  Path Type:              Setup (Max at Slow Process Corner)
  Requirement:            20.000ns  (clk_out1_clk_wiz_0 rise@40.000ns - clk_out1_clk_wiz_0 fall@20.000ns)
  Data Path Delay:        2.914ns  (logic 0.647ns (22.200%)  route 2.267ns (77.800%))
  Logic Levels:           2  (LUT6=2)
  Clock Path Skew:        0.017ns (DCD - SCD + CPR)
    Destination Clock Delay (DCD):    3.816ns = ( 43.816 - 40.000 ) 
    Source Clock Delay      (SCD):    3.997ns = ( 23.997 - 20.000 ) 
    Clock Pessimism Removal (CPR):    0.198ns
  Clock Uncertainty:      0.171ns  ((TSJ^2 + DJ^2)^1/2) / 2 + PE
    Total System Jitter     (TSJ):    0.071ns
    Discrete Jitter          (DJ):    0.334ns
    Phase Error              (PE):    0.000ns

    Location             Delay type                Incr(ns)  Path(ns)    Netlist Resource(s)
  -------------------------------------------------------------------    -------------------
                         (clock clk_out1_clk_wiz_0 fall edge)
                                                     20.000    20.000 f  
    R4                                                0.000    20.000 f  sys_clk_p (IN)
                         net (fo=0)                   0.000    20.000    clk_wiz/inst/clk_in1_p
    R4                   IBUFDS (Prop_ibufds_I_O)     0.855    20.855 f  clk_wiz/inst/clkin1_ibufgds/O
                         net (fo=1, routed)           1.689    22.544    clk_wiz/inst/clk_in1_clk_wiz_0_buf
    BUFGCTRL_X0Y2        BUFG (Prop_bufg_I_O)         0.082    22.626 f  clk_wiz/inst/clkin1_bufg1/O
                         net (fo=1, routed)           1.408    24.034    clk_wiz/inst/clk_in1_clk_wiz_0
    PLLE2_ADV_X1Y0       PLLE2_ADV (Prop_plle2_adv_CLKIN1_CLKOUT0)
                                                     -2.908    21.126 f  clk_wiz/inst/plle2_adv_inst/CLKOUT0
                         net (fo=1, routed)           1.419    22.545    clk_wiz/inst/clk_out1_clk_wiz_0
    BUFGCTRL_X0Y0        BUFG (Prop_bufg_I_O)         0.081    22.626 f  clk_wiz/inst/clkout1_buf/O
                         net (fo=160, routed)         1.371    23.997    MDIO_master/mdc/clk_out1
    SLICE_X10Y9          FDRE                                         r  MDIO_master/mdc/MDC_reg/C  (IS_INVERTED)
  -------------------------------------------------------------------    -------------------
    SLICE_X10Y9          FDRE (Prop_fdre_C_Q)         0.437    24.434 f  MDIO_master/mdc/MDC_reg/Q
                         net (fo=7, routed)           1.213    25.646    MDIO_master/mdio/MDC
    SLICE_X2Y11          LUT6 (Prop_lut6_I0_O)        0.105    25.751 r  MDIO_master/mdio/busy_i_4/O
                         net (fo=3, routed)           0.399    26.150    MDIO_master/mdio/busy_i_4_n_0
    SLICE_X2Y12          LUT6 (Prop_lut6_I5_O)        0.105    26.255 r  MDIO_master/mdio/ins[63]_i_1/O
                         net (fo=48, routed)          0.656    26.911    MDIO_master/mdio/ins[63]_i_1_n_0
    SLICE_X2Y18          FDSE                                         r  MDIO_master/mdio/ins_reg[24]/CE
  -------------------------------------------------------------------    -------------------

                         (clock clk_out1_clk_wiz_0 rise edge)
                                                     40.000    40.000 r  
    R4                                                0.000    40.000 r  sys_clk_p (IN)
                         net (fo=0)                   0.000    40.000    clk_wiz/inst/clk_in1_p
    R4                   IBUFDS (Prop_ibufds_I_O)     0.817    40.817 r  clk_wiz/inst/clkin1_ibufgds/O
                         net (fo=1, routed)           1.599    42.416    clk_wiz/inst/clk_in1_clk_wiz_0_buf
    BUFGCTRL_X0Y2        BUFG (Prop_bufg_I_O)         0.078    42.494 r  clk_wiz/inst/clkin1_bufg1/O
                         net (fo=1, routed)           1.304    43.798    clk_wiz/inst/clk_in1_clk_wiz_0
    PLLE2_ADV_X1Y0       PLLE2_ADV (Prop_plle2_adv_CLKIN1_CLKOUT0)
                                                     -2.730    41.067 r  clk_wiz/inst/plle2_adv_inst/CLKOUT0
                         net (fo=1, routed)           1.349    42.417    clk_wiz/inst/clk_out1_clk_wiz_0
    BUFGCTRL_X0Y0        BUFG (Prop_bufg_I_O)         0.077    42.494 r  clk_wiz/inst/clkout1_buf/O
                         net (fo=160, routed)         1.322    43.816    MDIO_master/mdio/clk
    SLICE_X2Y18          FDSE                                         r  MDIO_master/mdio/ins_reg[24]/C
                         clock pessimism              0.198    44.014    
                         clock uncertainty           -0.171    43.843    
    SLICE_X2Y18          FDSE (Setup_fdse_C_CE)      -0.136    43.707    MDIO_master/mdio/ins_reg[24]
  -------------------------------------------------------------------
                         required time                         43.707    
                         arrival time                         -26.911    
  -------------------------------------------------------------------
                         slack                                 16.796    





Min Delay Paths
--------------------------------------------------------------------------------------
Slack (MET) :             0.139ns  (arrival time - required time)
  Source:                 MDIO_master/mdio/ins_reg[25]/C
                            (rising edge-triggered cell FDSE clocked by clk_out1_clk_wiz_0  {rise@0.000ns fall@20.000ns period=40.000ns})
  Destination:            MDIO_master/mdio/ins_reg[26]/D
                            (rising edge-triggered cell FDSE clocked by clk_out1_clk_wiz_0  {rise@0.000ns fall@20.000ns period=40.000ns})
  Path Group:             clk_out1_clk_wiz_0
  Path Type:              Hold (Min at Fast Process Corner)
  Requirement:            0.000ns  (clk_out1_clk_wiz_0 rise@0.000ns - clk_out1_clk_wiz_0 rise@0.000ns)
  Data Path Delay:        0.272ns  (logic 0.186ns (68.270%)  route 0.086ns (31.730%))
  Logic Levels:           1  (LUT2=1)
  Clock Path Skew:        0.013ns (DCD - SCD - CPR)
    Destination Clock Delay (DCD):    1.976ns
    Source Clock Delay      (SCD):    1.619ns
    Clock Pessimism Removal (CPR):    0.344ns

    Location             Delay type                Incr(ns)  Path(ns)    Netlist Resource(s)
  -------------------------------------------------------------------    -------------------
                         (clock clk_out1_clk_wiz_0 rise edge)
                                                      0.000     0.000 r  
    R4                                                0.000     0.000 r  sys_clk_p (IN)
                         net (fo=0)                   0.000     0.000    clk_wiz/inst/clk_in1_p
    R4                   IBUFDS (Prop_ibufds_I_O)     0.373     0.373 r  clk_wiz/inst/clkin1_ibufgds/O
                         net (fo=1, routed)           0.631     1.004    clk_wiz/inst/clk_in1_clk_wiz_0_buf
    BUFGCTRL_X0Y2        BUFG (Prop_bufg_I_O)         0.027     1.031 r  clk_wiz/inst/clkin1_bufg1/O
                         net (fo=1, routed)           0.554     1.584    clk_wiz/inst/clk_in1_clk_wiz_0
    PLLE2_ADV_X1Y0       PLLE2_ADV (Prop_plle2_adv_CLKIN1_CLKOUT0)
                                                     -1.081     0.504 r  clk_wiz/inst/plle2_adv_inst/CLKOUT0
                         net (fo=1, routed)           0.501     1.005    clk_wiz/inst/clk_out1_clk_wiz_0
    BUFGCTRL_X0Y0        BUFG (Prop_bufg_I_O)         0.026     1.031 r  clk_wiz/inst/clkout1_buf/O
                         net (fo=160, routed)         0.589     1.619    MDIO_master/mdio/clk
    SLICE_X3Y17          FDSE                                         r  MDIO_master/mdio/ins_reg[25]/C
  -------------------------------------------------------------------    -------------------
    SLICE_X3Y17          FDSE (Prop_fdse_C_Q)         0.141     1.760 r  MDIO_master/mdio/ins_reg[25]/Q
                         net (fo=1, routed)           0.086     1.847    MDIO_master/mdio/data1[26]
    SLICE_X2Y17          LUT2 (Prop_lut2_I0_O)        0.045     1.892 r  MDIO_master/mdio/ins[26]_i_1/O
                         net (fo=1, routed)           0.000     1.892    MDIO_master/mdio/ins[26]_i_1_n_0
    SLICE_X2Y17          FDSE                                         r  MDIO_master/mdio/ins_reg[26]/D
  -------------------------------------------------------------------    -------------------

                         (clock clk_out1_clk_wiz_0 rise edge)
                                                      0.000     0.000 r  
    R4                                                0.000     0.000 r  sys_clk_p (IN)
                         net (fo=0)                   0.000     0.000    clk_wiz/inst/clk_in1_p
    R4                   IBUFDS (Prop_ibufds_I_O)     0.404     0.404 r  clk_wiz/inst/clkin1_ibufgds/O
                         net (fo=1, routed)           0.685     1.088    clk_wiz/inst/clk_in1_clk_wiz_0_buf
    BUFGCTRL_X0Y2        BUFG (Prop_bufg_I_O)         0.030     1.118 r  clk_wiz/inst/clkin1_bufg1/O
                         net (fo=1, routed)           0.822     1.940    clk_wiz/inst/clk_in1_clk_wiz_0
    PLLE2_ADV_X1Y0       PLLE2_ADV (Prop_plle2_adv_CLKIN1_CLKOUT0)
                                                     -1.396     0.544 r  clk_wiz/inst/plle2_adv_inst/CLKOUT0
                         net (fo=1, routed)           0.546     1.089    clk_wiz/inst/clk_out1_clk_wiz_0
    BUFGCTRL_X0Y0        BUFG (Prop_bufg_I_O)         0.029     1.118 r  clk_wiz/inst/clkout1_buf/O
                         net (fo=160, routed)         0.858     1.976    MDIO_master/mdio/clk
    SLICE_X2Y17          FDSE                                         r  MDIO_master/mdio/ins_reg[26]/C
                         clock pessimism             -0.344     1.632    
    SLICE_X2Y17          FDSE (Hold_fdse_C_D)         0.120     1.752    MDIO_master/mdio/ins_reg[26]
  -------------------------------------------------------------------
                         required time                         -1.752    
                         arrival time                           1.892    
  -------------------------------------------------------------------
                         slack                                  0.139    

Slack (MET) :             0.152ns  (arrival time - required time)
  Source:                 MDIO_master/mdio/ins_reg[46]/C
                            (rising edge-triggered cell FDSE clocked by clk_out1_clk_wiz_0  {rise@0.000ns fall@20.000ns period=40.000ns})
  Destination:            MDIO_master/mdio/ins_reg[47]/D
                            (rising edge-triggered cell FDSE clocked by clk_out1_clk_wiz_0  {rise@0.000ns fall@20.000ns period=40.000ns})
  Path Group:             clk_out1_clk_wiz_0
  Path Type:              Hold (Min at Fast Process Corner)
  Requirement:            0.000ns  (clk_out1_clk_wiz_0 rise@0.000ns - clk_out1_clk_wiz_0 rise@0.000ns)
  Data Path Delay:        0.286ns  (logic 0.186ns (65.133%)  route 0.100ns (34.866%))
  Logic Levels:           1  (LUT2=1)
  Clock Path Skew:        0.014ns (DCD - SCD - CPR)
    Destination Clock Delay (DCD):    1.973ns
    Source Clock Delay      (SCD):    1.616ns
    Clock Pessimism Removal (CPR):    0.343ns

    Location             Delay type                Incr(ns)  Path(ns)    Netlist Resource(s)
  -------------------------------------------------------------------    -------------------
                         (clock clk_out1_clk_wiz_0 rise edge)
                                                      0.000     0.000 r  
    R4                                                0.000     0.000 r  sys_clk_p (IN)
                         net (fo=0)                   0.000     0.000    clk_wiz/inst/clk_in1_p
    R4                   IBUFDS (Prop_ibufds_I_O)     0.373     0.373 r  clk_wiz/inst/clkin1_ibufgds/O
                         net (fo=1, routed)           0.631     1.004    clk_wiz/inst/clk_in1_clk_wiz_0_buf
    BUFGCTRL_X0Y2        BUFG (Prop_bufg_I_O)         0.027     1.031 r  clk_wiz/inst/clkin1_bufg1/O
                         net (fo=1, routed)           0.554     1.584    clk_wiz/inst/clk_in1_clk_wiz_0
    PLLE2_ADV_X1Y0       PLLE2_ADV (Prop_plle2_adv_CLKIN1_CLKOUT0)
                                                     -1.081     0.504 r  clk_wiz/inst/plle2_adv_inst/CLKOUT0
                         net (fo=1, routed)           0.501     1.005    clk_wiz/inst/clk_out1_clk_wiz_0
    BUFGCTRL_X0Y0        BUFG (Prop_bufg_I_O)         0.026     1.031 r  clk_wiz/inst/clkout1_buf/O
                         net (fo=160, routed)         0.586     1.616    MDIO_master/mdio/clk
    SLICE_X5Y18          FDSE                                         r  MDIO_master/mdio/ins_reg[46]/C
  -------------------------------------------------------------------    -------------------
    SLICE_X5Y18          FDSE (Prop_fdse_C_Q)         0.141     1.757 r  MDIO_master/mdio/ins_reg[46]/Q
                         net (fo=1, routed)           0.100     1.857    MDIO_master/mdio/data1[47]
    SLICE_X6Y18          LUT2 (Prop_lut2_I1_O)        0.045     1.902 r  MDIO_master/mdio/ins[47]_i_1/O
                         net (fo=1, routed)           0.000     1.902    MDIO_master/mdio/ins[47]
    SLICE_X6Y18          FDSE                                         r  MDIO_master/mdio/ins_reg[47]/D
  -------------------------------------------------------------------    -------------------

                         (clock clk_out1_clk_wiz_0 rise edge)
                                                      0.000     0.000 r  
    R4                                                0.000     0.000 r  sys_clk_p (IN)
                         net (fo=0)                   0.000     0.000    clk_wiz/inst/clk_in1_p
    R4                   IBUFDS (Prop_ibufds_I_O)     0.404     0.404 r  clk_wiz/inst/clkin1_ibufgds/O
                         net (fo=1, routed)           0.685     1.088    clk_wiz/inst/clk_in1_clk_wiz_0_buf
    BUFGCTRL_X0Y2        BUFG (Prop_bufg_I_O)         0.030     1.118 r  clk_wiz/inst/clkin1_bufg1/O
                         net (fo=1, routed)           0.822     1.940    clk_wiz/inst/clk_in1_clk_wiz_0
    PLLE2_ADV_X1Y0       PLLE2_ADV (Prop_plle2_adv_CLKIN1_CLKOUT0)
                                                     -1.396     0.544 r  clk_wiz/inst/plle2_adv_inst/CLKOUT0
                         net (fo=1, routed)           0.546     1.089    clk_wiz/inst/clk_out1_clk_wiz_0
    BUFGCTRL_X0Y0        BUFG (Prop_bufg_I_O)         0.029     1.118 r  clk_wiz/inst/clkout1_buf/O
                         net (fo=160, routed)         0.855     1.973    MDIO_master/mdio/clk
    SLICE_X6Y18          FDSE                                         r  MDIO_master/mdio/ins_reg[47]/C
                         clock pessimism             -0.343     1.630    
    SLICE_X6Y18          FDSE (Hold_fdse_C_D)         0.120     1.750    MDIO_master/mdio/ins_reg[47]
  -------------------------------------------------------------------
                         required time                         -1.750    
                         arrival time                           1.902    
  -------------------------------------------------------------------
                         slack                                  0.152    

Slack (MET) :             0.155ns  (arrival time - required time)
  Source:                 MDIO_master/mdio/ins_reg[39]/C
                            (rising edge-triggered cell FDSE clocked by clk_out1_clk_wiz_0  {rise@0.000ns fall@20.000ns period=40.000ns})
  Destination:            MDIO_master/mdio/ins_reg[40]/D
                            (rising edge-triggered cell FDSE clocked by clk_out1_clk_wiz_0  {rise@0.000ns fall@20.000ns period=40.000ns})
  Path Group:             clk_out1_clk_wiz_0
  Path Type:              Hold (Min at Fast Process Corner)
  Requirement:            0.000ns  (clk_out1_clk_wiz_0 rise@0.000ns - clk_out1_clk_wiz_0 rise@0.000ns)
  Data Path Delay:        0.259ns  (logic 0.209ns (80.556%)  route 0.050ns (19.444%))
  Logic Levels:           1  (LUT2=1)
  Clock Path Skew:        0.013ns (DCD - SCD - CPR)
    Destination Clock Delay (DCD):    1.975ns
    Source Clock Delay      (SCD):    1.618ns
    Clock Pessimism Removal (CPR):    0.344ns

    Location             Delay type                Incr(ns)  Path(ns)    Netlist Resource(s)
  -------------------------------------------------------------------    -------------------
                         (clock clk_out1_clk_wiz_0 rise edge)
                                                      0.000     0.000 r  
    R4                                                0.000     0.000 r  sys_clk_p (IN)
                         net (fo=0)                   0.000     0.000    clk_wiz/inst/clk_in1_p
    R4                   IBUFDS (Prop_ibufds_I_O)     0.373     0.373 r  clk_wiz/inst/clkin1_ibufgds/O
                         net (fo=1, routed)           0.631     1.004    clk_wiz/inst/clk_in1_clk_wiz_0_buf
    BUFGCTRL_X0Y2        BUFG (Prop_bufg_I_O)         0.027     1.031 r  clk_wiz/inst/clkin1_bufg1/O
                         net (fo=1, routed)           0.554     1.584    clk_wiz/inst/clk_in1_clk_wiz_0
    PLLE2_ADV_X1Y0       PLLE2_ADV (Prop_plle2_adv_CLKIN1_CLKOUT0)
                                                     -1.081     0.504 r  clk_wiz/inst/plle2_adv_inst/CLKOUT0
                         net (fo=1, routed)           0.501     1.005    clk_wiz/inst/clk_out1_clk_wiz_0
    BUFGCTRL_X0Y0        BUFG (Prop_bufg_I_O)         0.026     1.031 r  clk_wiz/inst/clkout1_buf/O
                         net (fo=160, routed)         0.588     1.618    MDIO_master/mdio/clk
    SLICE_X2Y18          FDSE                                         r  MDIO_master/mdio/ins_reg[39]/C
  -------------------------------------------------------------------    -------------------
    SLICE_X2Y18          FDSE (Prop_fdse_C_Q)         0.164     1.782 r  MDIO_master/mdio/ins_reg[39]/Q
                         net (fo=1, routed)           0.050     1.833    MDIO_master/mdio/data1[40]
    SLICE_X3Y18          LUT2 (Prop_lut2_I1_O)        0.045     1.878 r  MDIO_master/mdio/ins[40]_i_1/O
                         net (fo=1, routed)           0.000     1.878    MDIO_master/mdio/ins[40]
    SLICE_X3Y18          FDSE                                         r  MDIO_master/mdio/ins_reg[40]/D
  -------------------------------------------------------------------    -------------------

                         (clock clk_out1_clk_wiz_0 rise edge)
                                                      0.000     0.000 r  
    R4                                                0.000     0.000 r  sys_clk_p (IN)
                         net (fo=0)                   0.000     0.000    clk_wiz/inst/clk_in1_p
    R4                   IBUFDS (Prop_ibufds_I_O)     0.404     0.404 r  clk_wiz/inst/clkin1_ibufgds/O
                         net (fo=1, routed)           0.685     1.088    clk_wiz/inst/clk_in1_clk_wiz_0_buf
    BUFGCTRL_X0Y2        BUFG (Prop_bufg_I_O)         0.030     1.118 r  clk_wiz/inst/clkin1_bufg1/O
                         net (fo=1, routed)           0.822     1.940    clk_wiz/inst/clk_in1_clk_wiz_0
    PLLE2_ADV_X1Y0       PLLE2_ADV (Prop_plle2_adv_CLKIN1_CLKOUT0)
                                                     -1.396     0.544 r  clk_wiz/inst/plle2_adv_inst/CLKOUT0
                         net (fo=1, routed)           0.546     1.089    clk_wiz/inst/clk_out1_clk_wiz_0
    BUFGCTRL_X0Y0        BUFG (Prop_bufg_I_O)         0.029     1.118 r  clk_wiz/inst/clkout1_buf/O
                         net (fo=160, routed)         0.857     1.975    MDIO_master/mdio/clk
    SLICE_X3Y18          FDSE                                         r  MDIO_master/mdio/ins_reg[40]/C
                         clock pessimism             -0.344     1.631    
    SLICE_X3Y18          FDSE (Hold_fdse_C_D)         0.091     1.722    MDIO_master/mdio/ins_reg[40]
  -------------------------------------------------------------------
                         required time                         -1.722    
                         arrival time                           1.878    
  -------------------------------------------------------------------
                         slack                                  0.155    

Slack (MET) :             0.159ns  (arrival time - required time)
  Source:                 MDIO_master/mdio/receive_sync/Ds_reg/C
                            (rising edge-triggered cell FDRE clocked by clk_out1_clk_wiz_0  {rise@0.000ns fall@20.000ns period=40.000ns})
  Destination:            MDIO_master/mdio/receive_sync/sync_out_reg/D
                            (rising edge-triggered cell FDRE clocked by clk_out1_clk_wiz_0  {rise@0.000ns fall@20.000ns period=40.000ns})
  Path Group:             clk_out1_clk_wiz_0
  Path Type:              Hold (Min at Fast Process Corner)
  Requirement:            0.000ns  (clk_out1_clk_wiz_0 rise@0.000ns - clk_out1_clk_wiz_0 rise@0.000ns)
  Data Path Delay:        0.219ns  (logic 0.164ns (74.792%)  route 0.055ns (25.208%))
  Logic Levels:           0  
  Clock Path Skew:        0.000ns (DCD - SCD - CPR)
    Destination Clock Delay (DCD):    1.982ns
    Source Clock Delay      (SCD):    1.623ns
    Clock Pessimism Removal (CPR):    0.359ns

    Location             Delay type                Incr(ns)  Path(ns)    Netlist Resource(s)
  -------------------------------------------------------------------    -------------------
                         (clock clk_out1_clk_wiz_0 rise edge)
                                                      0.000     0.000 r  
    R4                                                0.000     0.000 r  sys_clk_p (IN)
                         net (fo=0)                   0.000     0.000    clk_wiz/inst/clk_in1_p
    R4                   IBUFDS (Prop_ibufds_I_O)     0.373     0.373 r  clk_wiz/inst/clkin1_ibufgds/O
                         net (fo=1, routed)           0.631     1.004    clk_wiz/inst/clk_in1_clk_wiz_0_buf
    BUFGCTRL_X0Y2        BUFG (Prop_bufg_I_O)         0.027     1.031 r  clk_wiz/inst/clkin1_bufg1/O
                         net (fo=1, routed)           0.554     1.584    clk_wiz/inst/clk_in1_clk_wiz_0
    PLLE2_ADV_X1Y0       PLLE2_ADV (Prop_plle2_adv_CLKIN1_CLKOUT0)
                                                     -1.081     0.504 r  clk_wiz/inst/plle2_adv_inst/CLKOUT0
                         net (fo=1, routed)           0.501     1.005    clk_wiz/inst/clk_out1_clk_wiz_0
    BUFGCTRL_X0Y0        BUFG (Prop_bufg_I_O)         0.026     1.031 r  clk_wiz/inst/clkout1_buf/O
                         net (fo=160, routed)         0.593     1.623    MDIO_master/mdio/receive_sync/clk
    SLICE_X2Y10          FDRE                                         r  MDIO_master/mdio/receive_sync/Ds_reg/C
  -------------------------------------------------------------------    -------------------
    SLICE_X2Y10          FDRE (Prop_fdre_C_Q)         0.164     1.787 r  MDIO_master/mdio/receive_sync/Ds_reg/Q
                         net (fo=1, routed)           0.055     1.843    MDIO_master/mdio/receive_sync/Ds
    SLICE_X2Y10          FDRE                                         r  MDIO_master/mdio/receive_sync/sync_out_reg/D
  -------------------------------------------------------------------    -------------------

                         (clock clk_out1_clk_wiz_0 rise edge)
                                                      0.000     0.000 r  
    R4                                                0.000     0.000 r  sys_clk_p (IN)
                         net (fo=0)                   0.000     0.000    clk_wiz/inst/clk_in1_p
    R4                   IBUFDS (Prop_ibufds_I_O)     0.404     0.404 r  clk_wiz/inst/clkin1_ibufgds/O
                         net (fo=1, routed)           0.685     1.088    clk_wiz/inst/clk_in1_clk_wiz_0_buf
    BUFGCTRL_X0Y2        BUFG (Prop_bufg_I_O)         0.030     1.118 r  clk_wiz/inst/clkin1_bufg1/O
                         net (fo=1, routed)           0.822     1.940    clk_wiz/inst/clk_in1_clk_wiz_0
    PLLE2_ADV_X1Y0       PLLE2_ADV (Prop_plle2_adv_CLKIN1_CLKOUT0)
                                                     -1.396     0.544 r  clk_wiz/inst/plle2_adv_inst/CLKOUT0
                         net (fo=1, routed)           0.546     1.089    clk_wiz/inst/clk_out1_clk_wiz_0
    BUFGCTRL_X0Y0        BUFG (Prop_bufg_I_O)         0.029     1.118 r  clk_wiz/inst/clkout1_buf/O
                         net (fo=160, routed)         0.864     1.982    MDIO_master/mdio/receive_sync/clk
    SLICE_X2Y10          FDRE                                         r  MDIO_master/mdio/receive_sync/sync_out_reg/C
                         clock pessimism             -0.359     1.623    
    SLICE_X2Y10          FDRE (Hold_fdre_C_D)         0.060     1.683    MDIO_master/mdio/receive_sync/sync_out_reg
  -------------------------------------------------------------------
                         required time                         -1.683    
                         arrival time                           1.843    
  -------------------------------------------------------------------
                         slack                                  0.159    

Slack (MET) :             0.169ns  (arrival time - required time)
  Source:                 MDIO_master/mdio/ins_reg[53]/C
                            (rising edge-triggered cell FDSE clocked by clk_out1_clk_wiz_0  {rise@0.000ns fall@20.000ns period=40.000ns})
  Destination:            MDIO_master/mdio/ins_reg[54]/D
                            (rising edge-triggered cell FDSE clocked by clk_out1_clk_wiz_0  {rise@0.000ns fall@20.000ns period=40.000ns})
  Path Group:             clk_out1_clk_wiz_0
  Path Type:              Hold (Min at Fast Process Corner)
  Requirement:            0.000ns  (clk_out1_clk_wiz_0 rise@0.000ns - clk_out1_clk_wiz_0 rise@0.000ns)
  Data Path Delay:        0.298ns  (logic 0.186ns (62.371%)  route 0.112ns (37.629%))
  Logic Levels:           1  (LUT2=1)
  Clock Path Skew:        0.037ns (DCD - SCD - CPR)
    Destination Clock Delay (DCD):    1.976ns
    Source Clock Delay      (SCD):    1.617ns
    Clock Pessimism Removal (CPR):    0.322ns

    Location             Delay type                Incr(ns)  Path(ns)    Netlist Resource(s)
  -------------------------------------------------------------------    -------------------
                         (clock clk_out1_clk_wiz_0 rise edge)
                                                      0.000     0.000 r  
    R4                                                0.000     0.000 r  sys_clk_p (IN)
                         net (fo=0)                   0.000     0.000    clk_wiz/inst/clk_in1_p
    R4                   IBUFDS (Prop_ibufds_I_O)     0.373     0.373 r  clk_wiz/inst/clkin1_ibufgds/O
                         net (fo=1, routed)           0.631     1.004    clk_wiz/inst/clk_in1_clk_wiz_0_buf
    BUFGCTRL_X0Y2        BUFG (Prop_bufg_I_O)         0.027     1.031 r  clk_wiz/inst/clkin1_bufg1/O
                         net (fo=1, routed)           0.554     1.584    clk_wiz/inst/clk_in1_clk_wiz_0
    PLLE2_ADV_X1Y0       PLLE2_ADV (Prop_plle2_adv_CLKIN1_CLKOUT0)
                                                     -1.081     0.504 r  clk_wiz/inst/plle2_adv_inst/CLKOUT0
                         net (fo=1, routed)           0.501     1.005    clk_wiz/inst/clk_out1_clk_wiz_0
    BUFGCTRL_X0Y0        BUFG (Prop_bufg_I_O)         0.026     1.031 r  clk_wiz/inst/clkout1_buf/O
                         net (fo=160, routed)         0.587     1.617    MDIO_master/mdio/clk
    SLICE_X4Y17          FDSE                                         r  MDIO_master/mdio/ins_reg[53]/C
  -------------------------------------------------------------------    -------------------
    SLICE_X4Y17          FDSE (Prop_fdse_C_Q)         0.141     1.758 r  MDIO_master/mdio/ins_reg[53]/Q
                         net (fo=1, routed)           0.112     1.870    MDIO_master/mdio/data1[54]
    SLICE_X3Y17          LUT2 (Prop_lut2_I1_O)        0.045     1.915 r  MDIO_master/mdio/ins[54]_i_1/O
                         net (fo=1, routed)           0.000     1.915    MDIO_master/mdio/ins[54]
    SLICE_X3Y17          FDSE                                         r  MDIO_master/mdio/ins_reg[54]/D
  -------------------------------------------------------------------    -------------------

                         (clock clk_out1_clk_wiz_0 rise edge)
                                                      0.000     0.000 r  
    R4                                                0.000     0.000 r  sys_clk_p (IN)
                         net (fo=0)                   0.000     0.000    clk_wiz/inst/clk_in1_p
    R4                   IBUFDS (Prop_ibufds_I_O)     0.404     0.404 r  clk_wiz/inst/clkin1_ibufgds/O
                         net (fo=1, routed)           0.685     1.088    clk_wiz/inst/clk_in1_clk_wiz_0_buf
    BUFGCTRL_X0Y2        BUFG (Prop_bufg_I_O)         0.030     1.118 r  clk_wiz/inst/clkin1_bufg1/O
                         net (fo=1, routed)           0.822     1.940    clk_wiz/inst/clk_in1_clk_wiz_0
    PLLE2_ADV_X1Y0       PLLE2_ADV (Prop_plle2_adv_CLKIN1_CLKOUT0)
                                                     -1.396     0.544 r  clk_wiz/inst/plle2_adv_inst/CLKOUT0
                         net (fo=1, routed)           0.546     1.089    clk_wiz/inst/clk_out1_clk_wiz_0
    BUFGCTRL_X0Y0        BUFG (Prop_bufg_I_O)         0.029     1.118 r  clk_wiz/inst/clkout1_buf/O
                         net (fo=160, routed)         0.858     1.976    MDIO_master/mdio/clk
    SLICE_X3Y17          FDSE                                         r  MDIO_master/mdio/ins_reg[54]/C
                         clock pessimism             -0.322     1.654    
    SLICE_X3Y17          FDSE (Hold_fdse_C_D)         0.092     1.746    MDIO_master/mdio/ins_reg[54]
  -------------------------------------------------------------------
                         required time                         -1.746    
                         arrival time                           1.915    
  -------------------------------------------------------------------
                         slack                                  0.169    

Slack (MET) :             0.179ns  (arrival time - required time)
  Source:                 MDIO_master/mdio/buffer_reg[7]/C
                            (rising edge-triggered cell FDSE clocked by clk_out1_clk_wiz_0  {rise@0.000ns fall@20.000ns period=40.000ns})
  Destination:            MDIO_master/mdio/buffer_reg[8]/D
                            (rising edge-triggered cell FDSE clocked by clk_out1_clk_wiz_0  {rise@0.000ns fall@20.000ns period=40.000ns})
  Path Group:             clk_out1_clk_wiz_0
  Path Type:              Hold (Min at Fast Process Corner)
  Requirement:            0.000ns  (clk_out1_clk_wiz_0 rise@0.000ns - clk_out1_clk_wiz_0 rise@0.000ns)
  Data Path Delay:        0.289ns  (logic 0.164ns (56.836%)  route 0.125ns (43.164%))
  Logic Levels:           0  
  Clock Path Skew:        0.034ns (DCD - SCD - CPR)
    Destination Clock Delay (DCD):    1.977ns
    Source Clock Delay      (SCD):    1.621ns
    Clock Pessimism Removal (CPR):    0.322ns

    Location             Delay type                Incr(ns)  Path(ns)    Netlist Resource(s)
  -------------------------------------------------------------------    -------------------
                         (clock clk_out1_clk_wiz_0 rise edge)
                                                      0.000     0.000 r  
    R4                                                0.000     0.000 r  sys_clk_p (IN)
                         net (fo=0)                   0.000     0.000    clk_wiz/inst/clk_in1_p
    R4                   IBUFDS (Prop_ibufds_I_O)     0.373     0.373 r  clk_wiz/inst/clkin1_ibufgds/O
                         net (fo=1, routed)           0.631     1.004    clk_wiz/inst/clk_in1_clk_wiz_0_buf
    BUFGCTRL_X0Y2        BUFG (Prop_bufg_I_O)         0.027     1.031 r  clk_wiz/inst/clkin1_bufg1/O
                         net (fo=1, routed)           0.554     1.584    clk_wiz/inst/clk_in1_clk_wiz_0
    PLLE2_ADV_X1Y0       PLLE2_ADV (Prop_plle2_adv_CLKIN1_CLKOUT0)
                                                     -1.081     0.504 r  clk_wiz/inst/plle2_adv_inst/CLKOUT0
                         net (fo=1, routed)           0.501     1.005    clk_wiz/inst/clk_out1_clk_wiz_0
    BUFGCTRL_X0Y0        BUFG (Prop_bufg_I_O)         0.026     1.031 r  clk_wiz/inst/clkout1_buf/O
                         net (fo=160, routed)         0.591     1.621    MDIO_master/mdio/clk
    SLICE_X2Y13          FDSE                                         r  MDIO_master/mdio/buffer_reg[7]/C
  -------------------------------------------------------------------    -------------------
    SLICE_X2Y13          FDSE (Prop_fdse_C_Q)         0.164     1.785 r  MDIO_master/mdio/buffer_reg[7]/Q
                         net (fo=2, routed)           0.125     1.910    MDIO_master/mdio/p_1_in[8]
    SLICE_X5Y13          FDSE                                         r  MDIO_master/mdio/buffer_reg[8]/D
  -------------------------------------------------------------------    -------------------

                         (clock clk_out1_clk_wiz_0 rise edge)
                                                      0.000     0.000 r  
    R4                                                0.000     0.000 r  sys_clk_p (IN)
                         net (fo=0)                   0.000     0.000    clk_wiz/inst/clk_in1_p
    R4                   IBUFDS (Prop_ibufds_I_O)     0.404     0.404 r  clk_wiz/inst/clkin1_ibufgds/O
                         net (fo=1, routed)           0.685     1.088    clk_wiz/inst/clk_in1_clk_wiz_0_buf
    BUFGCTRL_X0Y2        BUFG (Prop_bufg_I_O)         0.030     1.118 r  clk_wiz/inst/clkin1_bufg1/O
                         net (fo=1, routed)           0.822     1.940    clk_wiz/inst/clk_in1_clk_wiz_0
    PLLE2_ADV_X1Y0       PLLE2_ADV (Prop_plle2_adv_CLKIN1_CLKOUT0)
                                                     -1.396     0.544 r  clk_wiz/inst/plle2_adv_inst/CLKOUT0
                         net (fo=1, routed)           0.546     1.089    clk_wiz/inst/clk_out1_clk_wiz_0
    BUFGCTRL_X0Y0        BUFG (Prop_bufg_I_O)         0.029     1.118 r  clk_wiz/inst/clkout1_buf/O
                         net (fo=160, routed)         0.859     1.977    MDIO_master/mdio/clk
    SLICE_X5Y13          FDSE                                         r  MDIO_master/mdio/buffer_reg[8]/C
                         clock pessimism             -0.322     1.655    
    SLICE_X5Y13          FDSE (Hold_fdse_C_D)         0.076     1.731    MDIO_master/mdio/buffer_reg[8]
  -------------------------------------------------------------------
                         required time                         -1.731    
                         arrival time                           1.910    
  -------------------------------------------------------------------
                         slack                                  0.179    

Slack (MET) :             0.196ns  (arrival time - required time)
  Source:                 MDIO_master/mdc/counter_reg[2]/C
                            (falling edge-triggered cell FDRE clocked by clk_out1_clk_wiz_0  {rise@0.000ns fall@20.000ns period=40.000ns})
  Destination:            MDIO_master/mdc/MDC_reg/D
                            (falling edge-triggered cell FDRE clocked by clk_out1_clk_wiz_0  {rise@0.000ns fall@20.000ns period=40.000ns})
  Path Group:             clk_out1_clk_wiz_0
  Path Type:              Hold (Min at Fast Process Corner)
  Requirement:            0.000ns  (clk_out1_clk_wiz_0 fall@20.000ns - clk_out1_clk_wiz_0 fall@20.000ns)
  Data Path Delay:        0.356ns  (logic 0.191ns (53.669%)  route 0.165ns (46.331%))
  Logic Levels:           1  (LUT6=1)
  Clock Path Skew:        0.036ns (DCD - SCD - CPR)
    Destination Clock Delay (DCD):    1.953ns = ( 21.953 - 20.000 ) 
    Source Clock Delay      (SCD):    1.595ns = ( 21.595 - 20.000 ) 
    Clock Pessimism Removal (CPR):    0.322ns

    Location             Delay type                Incr(ns)  Path(ns)    Netlist Resource(s)
  -------------------------------------------------------------------    -------------------
                         (clock clk_out1_clk_wiz_0 fall edge)
                                                     20.000    20.000 f  
    R4                                                0.000    20.000 f  sys_clk_p (IN)
                         net (fo=0)                   0.000    20.000    clk_wiz/inst/clk_in1_p
    R4                   IBUFDS (Prop_ibufds_I_O)     0.373    20.373 f  clk_wiz/inst/clkin1_ibufgds/O
                         net (fo=1, routed)           0.631    21.004    clk_wiz/inst/clk_in1_clk_wiz_0_buf
    BUFGCTRL_X0Y2        BUFG (Prop_bufg_I_O)         0.027    21.031 f  clk_wiz/inst/clkin1_bufg1/O
                         net (fo=1, routed)           0.554    21.584    clk_wiz/inst/clk_in1_clk_wiz_0
    PLLE2_ADV_X1Y0       PLLE2_ADV (Prop_plle2_adv_CLKIN1_CLKOUT0)
                                                     -1.081    20.504 f  clk_wiz/inst/plle2_adv_inst/CLKOUT0
                         net (fo=1, routed)           0.501    21.005    clk_wiz/inst/clk_out1_clk_wiz_0
    BUFGCTRL_X0Y0        BUFG (Prop_bufg_I_O)         0.026    21.031 f  clk_wiz/inst/clkout1_buf/O
                         net (fo=160, routed)         0.565    21.595    MDIO_master/mdc/clk_out1
    SLICE_X9Y9           FDRE                                         r  MDIO_master/mdc/counter_reg[2]/C  (IS_INVERTED)
  -------------------------------------------------------------------    -------------------
    SLICE_X9Y9           FDRE (Prop_fdre_C_Q)         0.146    21.741 r  MDIO_master/mdc/counter_reg[2]/Q
                         net (fo=4, routed)           0.165    21.906    MDIO_master/mdc/counter_reg[2]
    SLICE_X10Y9          LUT6 (Prop_lut6_I3_O)        0.045    21.951 r  MDIO_master/mdc/MDC_i_1/O
                         net (fo=1, routed)           0.000    21.951    MDIO_master/mdc/MDC_i_1_n_0
    SLICE_X10Y9          FDRE                                         r  MDIO_master/mdc/MDC_reg/D
  -------------------------------------------------------------------    -------------------

                         (clock clk_out1_clk_wiz_0 fall edge)
                                                     20.000    20.000 f  
    R4                                                0.000    20.000 f  sys_clk_p (IN)
                         net (fo=0)                   0.000    20.000    clk_wiz/inst/clk_in1_p
    R4                   IBUFDS (Prop_ibufds_I_O)     0.404    20.404 f  clk_wiz/inst/clkin1_ibufgds/O
                         net (fo=1, routed)           0.685    21.088    clk_wiz/inst/clk_in1_clk_wiz_0_buf
    BUFGCTRL_X0Y2        BUFG (Prop_bufg_I_O)         0.030    21.118 f  clk_wiz/inst/clkin1_bufg1/O
                         net (fo=1, routed)           0.822    21.940    clk_wiz/inst/clk_in1_clk_wiz_0
    PLLE2_ADV_X1Y0       PLLE2_ADV (Prop_plle2_adv_CLKIN1_CLKOUT0)
                                                     -1.396    20.544 f  clk_wiz/inst/plle2_adv_inst/CLKOUT0
                         net (fo=1, routed)           0.546    21.089    clk_wiz/inst/clk_out1_clk_wiz_0
    BUFGCTRL_X0Y0        BUFG (Prop_bufg_I_O)         0.029    21.118 f  clk_wiz/inst/clkout1_buf/O
                         net (fo=160, routed)         0.835    21.953    MDIO_master/mdc/clk_out1
    SLICE_X10Y9          FDRE                                         r  MDIO_master/mdc/MDC_reg/C  (IS_INVERTED)
                         clock pessimism             -0.322    21.631    
    SLICE_X10Y9          FDRE (Hold_fdre_C_D)         0.124    21.755    MDIO_master/mdc/MDC_reg
  -------------------------------------------------------------------
                         required time                        -21.755    
                         arrival time                          21.951    
  -------------------------------------------------------------------
                         slack                                  0.196    

Slack (MET) :             0.198ns  (arrival time - required time)
  Source:                 MDIO_master/mdio/counter_reg[4]/C
                            (rising edge-triggered cell FDRE clocked by clk_out1_clk_wiz_0  {rise@0.000ns fall@20.000ns period=40.000ns})
  Destination:            MDIO_master/mdio/counter_reg[5]/D
                            (rising edge-triggered cell FDRE clocked by clk_out1_clk_wiz_0  {rise@0.000ns fall@20.000ns period=40.000ns})
  Path Group:             clk_out1_clk_wiz_0
  Path Type:              Hold (Min at Fast Process Corner)
  Requirement:            0.000ns  (clk_out1_clk_wiz_0 rise@0.000ns - clk_out1_clk_wiz_0 rise@0.000ns)
  Data Path Delay:        0.302ns  (logic 0.186ns (61.651%)  route 0.116ns (38.349%))
  Logic Levels:           1  (LUT6=1)
  Clock Path Skew:        0.013ns (DCD - SCD - CPR)
    Destination Clock Delay (DCD):    1.982ns
    Source Clock Delay      (SCD):    1.623ns
    Clock Pessimism Removal (CPR):    0.346ns

    Location             Delay type                Incr(ns)  Path(ns)    Netlist Resource(s)
  -------------------------------------------------------------------    -------------------
                         (clock clk_out1_clk_wiz_0 rise edge)
                                                      0.000     0.000 r  
    R4                                                0.000     0.000 r  sys_clk_p (IN)
                         net (fo=0)                   0.000     0.000    clk_wiz/inst/clk_in1_p
    R4                   IBUFDS (Prop_ibufds_I_O)     0.373     0.373 r  clk_wiz/inst/clkin1_ibufgds/O
                         net (fo=1, routed)           0.631     1.004    clk_wiz/inst/clk_in1_clk_wiz_0_buf
    BUFGCTRL_X0Y2        BUFG (Prop_bufg_I_O)         0.027     1.031 r  clk_wiz/inst/clkin1_bufg1/O
                         net (fo=1, routed)           0.554     1.584    clk_wiz/inst/clk_in1_clk_wiz_0
    PLLE2_ADV_X1Y0       PLLE2_ADV (Prop_plle2_adv_CLKIN1_CLKOUT0)
                                                     -1.081     0.504 r  clk_wiz/inst/plle2_adv_inst/CLKOUT0
                         net (fo=1, routed)           0.501     1.005    clk_wiz/inst/clk_out1_clk_wiz_0
    BUFGCTRL_X0Y0        BUFG (Prop_bufg_I_O)         0.026     1.031 r  clk_wiz/inst/clkout1_buf/O
                         net (fo=160, routed)         0.593     1.623    MDIO_master/mdio/clk
    SLICE_X1Y11          FDRE                                         r  MDIO_master/mdio/counter_reg[4]/C
  -------------------------------------------------------------------    -------------------
    SLICE_X1Y11          FDRE (Prop_fdre_C_Q)         0.141     1.764 r  MDIO_master/mdio/counter_reg[4]/Q
                         net (fo=11, routed)          0.116     1.880    MDIO_master/mdio/counter_reg_n_0_[4]
    SLICE_X0Y11          LUT6 (Prop_lut6_I5_O)        0.045     1.925 r  MDIO_master/mdio/counter[5]_i_1/O
                         net (fo=1, routed)           0.000     1.925    MDIO_master/mdio/counter[5]_i_1_n_0
    SLICE_X0Y11          FDRE                                         r  MDIO_master/mdio/counter_reg[5]/D
  -------------------------------------------------------------------    -------------------

                         (clock clk_out1_clk_wiz_0 rise edge)
                                                      0.000     0.000 r  
    R4                                                0.000     0.000 r  sys_clk_p (IN)
                         net (fo=0)                   0.000     0.000    clk_wiz/inst/clk_in1_p
    R4                   IBUFDS (Prop_ibufds_I_O)     0.404     0.404 r  clk_wiz/inst/clkin1_ibufgds/O
                         net (fo=1, routed)           0.685     1.088    clk_wiz/inst/clk_in1_clk_wiz_0_buf
    BUFGCTRL_X0Y2        BUFG (Prop_bufg_I_O)         0.030     1.118 r  clk_wiz/inst/clkin1_bufg1/O
                         net (fo=1, routed)           0.822     1.940    clk_wiz/inst/clk_in1_clk_wiz_0
    PLLE2_ADV_X1Y0       PLLE2_ADV (Prop_plle2_adv_CLKIN1_CLKOUT0)
                                                     -1.396     0.544 r  clk_wiz/inst/plle2_adv_inst/CLKOUT0
                         net (fo=1, routed)           0.546     1.089    clk_wiz/inst/clk_out1_clk_wiz_0
    BUFGCTRL_X0Y0        BUFG (Prop_bufg_I_O)         0.029     1.118 r  clk_wiz/inst/clkout1_buf/O
                         net (fo=160, routed)         0.864     1.982    MDIO_master/mdio/clk
    SLICE_X0Y11          FDRE                                         r  MDIO_master/mdio/counter_reg[5]/C
                         clock pessimism             -0.346     1.636    
    SLICE_X0Y11          FDRE (Hold_fdre_C_D)         0.091     1.727    MDIO_master/mdio/counter_reg[5]
  -------------------------------------------------------------------
                         required time                         -1.727    
                         arrival time                           1.925    
  -------------------------------------------------------------------
                         slack                                  0.198    

Slack (MET) :             0.198ns  (arrival time - required time)
  Source:                 MDIO_master/mdio/buffer_reg[4]/C
                            (rising edge-triggered cell FDSE clocked by clk_out1_clk_wiz_0  {rise@0.000ns fall@20.000ns period=40.000ns})
  Destination:            MDIO_master/mdio/received_reg[4]/D
                            (rising edge-triggered cell FDSE clocked by clk_out1_clk_wiz_0  {rise@0.000ns fall@20.000ns period=40.000ns})
  Path Group:             clk_out1_clk_wiz_0
  Path Type:              Hold (Min at Fast Process Corner)
  Requirement:            0.000ns  (clk_out1_clk_wiz_0 rise@0.000ns - clk_out1_clk_wiz_0 rise@0.000ns)
  Data Path Delay:        0.302ns  (logic 0.209ns (69.198%)  route 0.093ns (30.802%))
  Logic Levels:           1  (LUT3=1)
  Clock Path Skew:        0.013ns (DCD - SCD - CPR)
    Destination Clock Delay (DCD):    1.979ns
    Source Clock Delay      (SCD):    1.621ns
    Clock Pessimism Removal (CPR):    0.345ns

    Location             Delay type                Incr(ns)  Path(ns)    Netlist Resource(s)
  -------------------------------------------------------------------    -------------------
                         (clock clk_out1_clk_wiz_0 rise edge)
                                                      0.000     0.000 r  
    R4                                                0.000     0.000 r  sys_clk_p (IN)
                         net (fo=0)                   0.000     0.000    clk_wiz/inst/clk_in1_p
    R4                   IBUFDS (Prop_ibufds_I_O)     0.373     0.373 r  clk_wiz/inst/clkin1_ibufgds/O
                         net (fo=1, routed)           0.631     1.004    clk_wiz/inst/clk_in1_clk_wiz_0_buf
    BUFGCTRL_X0Y2        BUFG (Prop_bufg_I_O)         0.027     1.031 r  clk_wiz/inst/clkin1_bufg1/O
                         net (fo=1, routed)           0.554     1.584    clk_wiz/inst/clk_in1_clk_wiz_0
    PLLE2_ADV_X1Y0       PLLE2_ADV (Prop_plle2_adv_CLKIN1_CLKOUT0)
                                                     -1.081     0.504 r  clk_wiz/inst/plle2_adv_inst/CLKOUT0
                         net (fo=1, routed)           0.501     1.005    clk_wiz/inst/clk_out1_clk_wiz_0
    BUFGCTRL_X0Y0        BUFG (Prop_bufg_I_O)         0.026     1.031 r  clk_wiz/inst/clkout1_buf/O
                         net (fo=160, routed)         0.591     1.621    MDIO_master/mdio/clk
    SLICE_X2Y13          FDSE                                         r  MDIO_master/mdio/buffer_reg[4]/C
  -------------------------------------------------------------------    -------------------
    SLICE_X2Y13          FDSE (Prop_fdse_C_Q)         0.164     1.785 r  MDIO_master/mdio/buffer_reg[4]/Q
                         net (fo=2, routed)           0.093     1.878    MDIO_master/mdio/p_1_in[5]
    SLICE_X3Y13          LUT3 (Prop_lut3_I2_O)        0.045     1.923 r  MDIO_master/mdio/received[4]_i_1/O
                         net (fo=1, routed)           0.000     1.923    MDIO_master/mdio/received[4]_i_1_n_0
    SLICE_X3Y13          FDSE                                         r  MDIO_master/mdio/received_reg[4]/D
  -------------------------------------------------------------------    -------------------

                         (clock clk_out1_clk_wiz_0 rise edge)
                                                      0.000     0.000 r  
    R4                                                0.000     0.000 r  sys_clk_p (IN)
                         net (fo=0)                   0.000     0.000    clk_wiz/inst/clk_in1_p
    R4                   IBUFDS (Prop_ibufds_I_O)     0.404     0.404 r  clk_wiz/inst/clkin1_ibufgds/O
                         net (fo=1, routed)           0.685     1.088    clk_wiz/inst/clk_in1_clk_wiz_0_buf
    BUFGCTRL_X0Y2        BUFG (Prop_bufg_I_O)         0.030     1.118 r  clk_wiz/inst/clkin1_bufg1/O
                         net (fo=1, routed)           0.822     1.940    clk_wiz/inst/clk_in1_clk_wiz_0
    PLLE2_ADV_X1Y0       PLLE2_ADV (Prop_plle2_adv_CLKIN1_CLKOUT0)
                                                     -1.396     0.544 r  clk_wiz/inst/plle2_adv_inst/CLKOUT0
                         net (fo=1, routed)           0.546     1.089    clk_wiz/inst/clk_out1_clk_wiz_0
    BUFGCTRL_X0Y0        BUFG (Prop_bufg_I_O)         0.029     1.118 r  clk_wiz/inst/clkout1_buf/O
                         net (fo=160, routed)         0.861     1.979    MDIO_master/mdio/clk
    SLICE_X3Y13          FDSE                                         r  MDIO_master/mdio/received_reg[4]/C
                         clock pessimism             -0.345     1.634    
    SLICE_X3Y13          FDSE (Hold_fdse_C_D)         0.091     1.725    MDIO_master/mdio/received_reg[4]
  -------------------------------------------------------------------
                         required time                         -1.725    
                         arrival time                           1.923    
  -------------------------------------------------------------------
                         slack                                  0.198    

Slack (MET) :             0.208ns  (arrival time - required time)
  Source:                 MDIO_master/mdio/buffer_reg[10]/C
                            (rising edge-triggered cell FDSE clocked by clk_out1_clk_wiz_0  {rise@0.000ns fall@20.000ns period=40.000ns})
  Destination:            MDIO_master/mdio/buffer_reg[11]/D
                            (rising edge-triggered cell FDSE clocked by clk_out1_clk_wiz_0  {rise@0.000ns fall@20.000ns period=40.000ns})
  Path Group:             clk_out1_clk_wiz_0
  Path Type:              Hold (Min at Fast Process Corner)
  Requirement:            0.000ns  (clk_out1_clk_wiz_0 rise@0.000ns - clk_out1_clk_wiz_0 rise@0.000ns)
  Data Path Delay:        0.255ns  (logic 0.141ns (55.262%)  route 0.114ns (44.739%))
  Logic Levels:           0  
  Clock Path Skew:        0.000ns (DCD - SCD - CPR)
    Destination Clock Delay (DCD):    1.977ns
    Source Clock Delay      (SCD):    1.619ns
    Clock Pessimism Removal (CPR):    0.358ns

    Location             Delay type                Incr(ns)  Path(ns)    Netlist Resource(s)
  -------------------------------------------------------------------    -------------------
                         (clock clk_out1_clk_wiz_0 rise edge)
                                                      0.000     0.000 r  
    R4                                                0.000     0.000 r  sys_clk_p (IN)
                         net (fo=0)                   0.000     0.000    clk_wiz/inst/clk_in1_p
    R4                   IBUFDS (Prop_ibufds_I_O)     0.373     0.373 r  clk_wiz/inst/clkin1_ibufgds/O
                         net (fo=1, routed)           0.631     1.004    clk_wiz/inst/clk_in1_clk_wiz_0_buf
    BUFGCTRL_X0Y2        BUFG (Prop_bufg_I_O)         0.027     1.031 r  clk_wiz/inst/clkin1_bufg1/O
                         net (fo=1, routed)           0.554     1.584    clk_wiz/inst/clk_in1_clk_wiz_0
    PLLE2_ADV_X1Y0       PLLE2_ADV (Prop_plle2_adv_CLKIN1_CLKOUT0)
                                                     -1.081     0.504 r  clk_wiz/inst/plle2_adv_inst/CLKOUT0
                         net (fo=1, routed)           0.501     1.005    clk_wiz/inst/clk_out1_clk_wiz_0
    BUFGCTRL_X0Y0        BUFG (Prop_bufg_I_O)         0.026     1.031 r  clk_wiz/inst/clkout1_buf/O
                         net (fo=160, routed)         0.589     1.619    MDIO_master/mdio/clk
    SLICE_X5Y13          FDSE                                         r  MDIO_master/mdio/buffer_reg[10]/C
  -------------------------------------------------------------------    -------------------
    SLICE_X5Y13          FDSE (Prop_fdse_C_Q)         0.141     1.760 r  MDIO_master/mdio/buffer_reg[10]/Q
                         net (fo=2, routed)           0.114     1.874    MDIO_master/mdio/p_1_in[11]
    SLICE_X5Y13          FDSE                                         r  MDIO_master/mdio/buffer_reg[11]/D
  -------------------------------------------------------------------    -------------------

                         (clock clk_out1_clk_wiz_0 rise edge)
                                                      0.000     0.000 r  
    R4                                                0.000     0.000 r  sys_clk_p (IN)
                         net (fo=0)                   0.000     0.000    clk_wiz/inst/clk_in1_p
    R4                   IBUFDS (Prop_ibufds_I_O)     0.404     0.404 r  clk_wiz/inst/clkin1_ibufgds/O
                         net (fo=1, routed)           0.685     1.088    clk_wiz/inst/clk_in1_clk_wiz_0_buf
    BUFGCTRL_X0Y2        BUFG (Prop_bufg_I_O)         0.030     1.118 r  clk_wiz/inst/clkin1_bufg1/O
                         net (fo=1, routed)           0.822     1.940    clk_wiz/inst/clk_in1_clk_wiz_0
    PLLE2_ADV_X1Y0       PLLE2_ADV (Prop_plle2_adv_CLKIN1_CLKOUT0)
                                                     -1.396     0.544 r  clk_wiz/inst/plle2_adv_inst/CLKOUT0
                         net (fo=1, routed)           0.546     1.089    clk_wiz/inst/clk_out1_clk_wiz_0
    BUFGCTRL_X0Y0        BUFG (Prop_bufg_I_O)         0.029     1.118 r  clk_wiz/inst/clkout1_buf/O
                         net (fo=160, routed)         0.859     1.977    MDIO_master/mdio/clk
    SLICE_X5Y13          FDSE                                         r  MDIO_master/mdio/buffer_reg[11]/C
                         clock pessimism             -0.358     1.619    
    SLICE_X5Y13          FDSE (Hold_fdse_C_D)         0.047     1.666    MDIO_master/mdio/buffer_reg[11]
  -------------------------------------------------------------------
                         required time                         -1.666    
                         arrival time                           1.874    
  -------------------------------------------------------------------
                         slack                                  0.208    





Pulse Width Checks
--------------------------------------------------------------------------------------
Clock Name:         clk_out1_clk_wiz_0
Waveform(ns):       { 0.000 20.000 }
Period(ns):         40.000
Sources:            { clk_wiz/inst/plle2_adv_inst/CLKOUT0 }

Check Type        Corner  Lib Pin            Reference Pin  Required(ns)  Actual(ns)  Slack(ns)  Location        Pin
Min Period        n/a     BUFG/I             n/a            1.592         40.000      38.408     BUFGCTRL_X0Y0   clk_wiz/inst/clkout1_buf/I
Min Period        n/a     PLLE2_ADV/CLKOUT0  n/a            1.249         40.000      38.751     PLLE2_ADV_X1Y0  clk_wiz/inst/plle2_adv_inst/CLKOUT0
Min Period        n/a     FDRE/C             n/a            1.000         40.000      39.000     SLICE_X6Y5      MDIO_master/counter_reg[0]/C
Min Period        n/a     FDRE/C             n/a            1.000         40.000      39.000     SLICE_X5Y7      MDIO_master/counter_reg[10]/C
Min Period        n/a     FDRE/C             n/a            1.000         40.000      39.000     SLICE_X5Y7      MDIO_master/counter_reg[11]/C
Min Period        n/a     FDRE/C             n/a            1.000         40.000      39.000     SLICE_X5Y8      MDIO_master/counter_reg[12]/C
Min Period        n/a     FDRE/C             n/a            1.000         40.000      39.000     SLICE_X6Y8      MDIO_master/counter_reg[13]/C
Min Period        n/a     FDRE/C             n/a            1.000         40.000      39.000     SLICE_X6Y8      MDIO_master/counter_reg[14]/C
Min Period        n/a     FDRE/C             n/a            1.000         40.000      39.000     SLICE_X6Y8      MDIO_master/counter_reg[15]/C
Min Period        n/a     FDRE/C             n/a            1.000         40.000      39.000     SLICE_X6Y8      MDIO_master/counter_reg[16]/C
Max Period        n/a     PLLE2_ADV/CLKOUT0  n/a            160.000       40.000      120.000    PLLE2_ADV_X1Y0  clk_wiz/inst/plle2_adv_inst/CLKOUT0
Low Pulse Width   Slow    FDRE/C             n/a            0.500         20.000      19.500     SLICE_X6Y5      MDIO_master/counter_reg[0]/C
Low Pulse Width   Fast    FDRE/C             n/a            0.500         20.000      19.500     SLICE_X6Y5      MDIO_master/counter_reg[0]/C
Low Pulse Width   Slow    FDRE/C             n/a            0.500         20.000      19.500     SLICE_X5Y7      MDIO_master/counter_reg[10]/C
Low Pulse Width   Fast    FDRE/C             n/a            0.500         20.000      19.500     SLICE_X5Y7      MDIO_master/counter_reg[10]/C
Low Pulse Width   Slow    FDRE/C             n/a            0.500         20.000      19.500     SLICE_X5Y7      MDIO_master/counter_reg[11]/C
Low Pulse Width   Fast    FDRE/C             n/a            0.500         20.000      19.500     SLICE_X5Y7      MDIO_master/counter_reg[11]/C
Low Pulse Width   Slow    FDRE/C             n/a            0.500         20.000      19.500     SLICE_X5Y8      MDIO_master/counter_reg[12]/C
Low Pulse Width   Fast    FDRE/C             n/a            0.500         20.000      19.500     SLICE_X5Y8      MDIO_master/counter_reg[12]/C
Low Pulse Width   Slow    FDRE/C             n/a            0.500         20.000      19.500     SLICE_X6Y8      MDIO_master/counter_reg[13]/C
Low Pulse Width   Fast    FDRE/C             n/a            0.500         20.000      19.500     SLICE_X6Y8      MDIO_master/counter_reg[13]/C
High Pulse Width  Slow    FDRE/C             n/a            0.500         20.000      19.500     SLICE_X6Y5      MDIO_master/counter_reg[0]/C
High Pulse Width  Fast    FDRE/C             n/a            0.500         20.000      19.500     SLICE_X6Y5      MDIO_master/counter_reg[0]/C
High Pulse Width  Slow    FDRE/C             n/a            0.500         20.000      19.500     SLICE_X5Y7      MDIO_master/counter_reg[10]/C
High Pulse Width  Fast    FDRE/C             n/a            0.500         20.000      19.500     SLICE_X5Y7      MDIO_master/counter_reg[10]/C
High Pulse Width  Slow    FDRE/C             n/a            0.500         20.000      19.500     SLICE_X5Y7      MDIO_master/counter_reg[11]/C
High Pulse Width  Fast    FDRE/C             n/a            0.500         20.000      19.500     SLICE_X5Y7      MDIO_master/counter_reg[11]/C
High Pulse Width  Slow    FDRE/C             n/a            0.500         20.000      19.500     SLICE_X5Y8      MDIO_master/counter_reg[12]/C
High Pulse Width  Fast    FDRE/C             n/a            0.500         20.000      19.500     SLICE_X5Y8      MDIO_master/counter_reg[12]/C
High Pulse Width  Slow    FDRE/C             n/a            0.500         20.000      19.500     SLICE_X6Y8      MDIO_master/counter_reg[13]/C
High Pulse Width  Fast    FDRE/C             n/a            0.500         20.000      19.500     SLICE_X6Y8      MDIO_master/counter_reg[13]/C



---------------------------------------------------------------------------------------------------
From Clock:  clkfbout_clk_wiz_0
  To Clock:  clkfbout_clk_wiz_0

Setup :           NA  Failing Endpoints,  Worst Slack           NA  ,  Total Violation           NA
Hold  :           NA  Failing Endpoints,  Worst Slack           NA  ,  Total Violation           NA
PW    :            0  Failing Endpoints,  Worst Slack       12.633ns,  Total Violation        0.000ns
---------------------------------------------------------------------------------------------------


Pulse Width Checks
--------------------------------------------------------------------------------------
Clock Name:         clkfbout_clk_wiz_0
Waveform(ns):       { 0.000 20.000 }
Period(ns):         40.000
Sources:            { clk_wiz/inst/plle2_adv_inst/CLKFBOUT }

Check Type  Corner  Lib Pin             Reference Pin  Required(ns)  Actual(ns)  Slack(ns)  Location        Pin
Min Period  n/a     BUFG/I              n/a            1.592         40.000      38.408     BUFGCTRL_X0Y1   clk_wiz/inst/clkf_buf/I
Min Period  n/a     PLLE2_ADV/CLKFBOUT  n/a            1.249         40.000      38.751     PLLE2_ADV_X1Y0  clk_wiz/inst/plle2_adv_inst/CLKFBOUT
Min Period  n/a     PLLE2_ADV/CLKFBIN   n/a            1.249         40.000      38.751     PLLE2_ADV_X1Y0  clk_wiz/inst/plle2_adv_inst/CLKFBIN
Max Period  n/a     PLLE2_ADV/CLKFBIN   n/a            52.633        40.000      12.633     PLLE2_ADV_X1Y0  clk_wiz/inst/plle2_adv_inst/CLKFBIN
Max Period  n/a     PLLE2_ADV/CLKFBOUT  n/a            160.000       40.000      120.000    PLLE2_ADV_X1Y0  clk_wiz/inst/plle2_adv_inst/CLKFBOUT



--------------------------------------------------------------------------------------
Path Group:  (none)
From Clock:  clk_out1_clk_wiz_0
  To Clock:  

Max Delay             3 Endpoints
Min Delay             3 Endpoints
--------------------------------------------------------------------------------------


Max Delay Paths
--------------------------------------------------------------------------------------
Slack:                    inf
  Source:                 MDIO_master/mdc/MDC_reg/C
                            (falling edge-triggered cell FDRE clocked by clk_out1_clk_wiz_0  {rise@0.000ns fall@20.000ns period=40.000ns})
  Destination:            MDC
                            (output port)
  Path Group:             (none)
  Path Type:              Max at Slow Process Corner
  Data Path Delay:        5.495ns  (logic 3.725ns (67.785%)  route 1.770ns (32.215%))
  Logic Levels:           1  (OBUF=1)
  Clock Uncertainty:      0.431ns  ((TSJ^2 + DJ^2)^1/2) / 2 + PE
    Total System Jitter     (TSJ):    0.050ns
    Discrete Jitter          (DJ):    0.334ns
    Phase Error              (PE):    0.262ns

    Location             Delay type                Incr(ns)  Path(ns)    Netlist Resource(s)
  -------------------------------------------------------------------    -------------------
                         (clock clk_out1_clk_wiz_0 fall edge)
                                                     20.000    20.000 f  
    R4                                                0.000    20.000 f  sys_clk_p (IN)
                         net (fo=0)                   0.000    20.000    clk_wiz/inst/clk_in1_p
    R4                   IBUFDS (Prop_ibufds_I_O)     0.855    20.855 f  clk_wiz/inst/clkin1_ibufgds/O
                         net (fo=1, routed)           1.689    22.544    clk_wiz/inst/clk_in1_clk_wiz_0_buf
    BUFGCTRL_X0Y2        BUFG (Prop_bufg_I_O)         0.082    22.626 f  clk_wiz/inst/clkin1_bufg1/O
                         net (fo=1, routed)           1.408    24.034    clk_wiz/inst/clk_in1_clk_wiz_0
    PLLE2_ADV_X1Y0       PLLE2_ADV (Prop_plle2_adv_CLKIN1_CLKOUT0)
                                                     -2.908    21.126 f  clk_wiz/inst/plle2_adv_inst/CLKOUT0
                         net (fo=1, routed)           1.419    22.545    clk_wiz/inst/clk_out1_clk_wiz_0
    BUFGCTRL_X0Y0        BUFG (Prop_bufg_I_O)         0.081    22.626 f  clk_wiz/inst/clkout1_buf/O
                         net (fo=160, routed)         1.371    23.997    MDIO_master/mdc/clk_out1
    SLICE_X10Y9          FDRE                                         r  MDIO_master/mdc/MDC_reg/C  (IS_INVERTED)
  -------------------------------------------------------------------    -------------------
    SLICE_X10Y9          FDRE (Prop_fdre_C_Q)         0.437    24.434 r  MDIO_master/mdc/MDC_reg/Q
                         net (fo=7, routed)           1.770    26.204    MDC_OBUF
    N13                  OBUF (Prop_obuf_I_O)         3.288    29.492 r  MDC_OBUF_inst/O
                         net (fo=0)                   0.000    29.492    MDC
    N13                                                               r  MDC (OUT)
  -------------------------------------------------------------------    -------------------

Slack:                    inf
  Source:                 phy_init/PHY_rst_n_reg/C
                            (rising edge-triggered cell FDRE clocked by clk_out1_clk_wiz_0  {rise@0.000ns fall@20.000ns period=40.000ns})
  Destination:            PHY_rst_n
                            (output port)
  Path Group:             (none)
  Path Type:              Max at Slow Process Corner
  Data Path Delay:        5.253ns  (logic 3.666ns (69.799%)  route 1.586ns (30.201%))
  Logic Levels:           1  (OBUF=1)
  Clock Uncertainty:      0.431ns  ((TSJ^2 + DJ^2)^1/2) / 2 + PE
    Total System Jitter     (TSJ):    0.050ns
    Discrete Jitter          (DJ):    0.334ns
    Phase Error              (PE):    0.262ns

    Location             Delay type                Incr(ns)  Path(ns)    Netlist Resource(s)
  -------------------------------------------------------------------    -------------------
                         (clock clk_out1_clk_wiz_0 rise edge)
                                                      0.000     0.000 r  
    R4                                                0.000     0.000 r  sys_clk_p (IN)
                         net (fo=0)                   0.000     0.000    clk_wiz/inst/clk_in1_p
    R4                   IBUFDS (Prop_ibufds_I_O)     0.855     0.855 r  clk_wiz/inst/clkin1_ibufgds/O
                         net (fo=1, routed)           1.689     2.544    clk_wiz/inst/clk_in1_clk_wiz_0_buf
    BUFGCTRL_X0Y2        BUFG (Prop_bufg_I_O)         0.082     2.626 r  clk_wiz/inst/clkin1_bufg1/O
                         net (fo=1, routed)           1.408     4.034    clk_wiz/inst/clk_in1_clk_wiz_0
    PLLE2_ADV_X1Y0       PLLE2_ADV (Prop_plle2_adv_CLKIN1_CLKOUT0)
                                                     -2.908     1.126 r  clk_wiz/inst/plle2_adv_inst/CLKOUT0
                         net (fo=1, routed)           1.419     2.545    clk_wiz/inst/clk_out1_clk_wiz_0
    BUFGCTRL_X0Y0        BUFG (Prop_bufg_I_O)         0.081     2.626 r  clk_wiz/inst/clkout1_buf/O
                         net (fo=160, routed)         1.369     3.995    phy_init/clk_out1
    SLICE_X9Y11          FDRE                                         r  phy_init/PHY_rst_n_reg/C
  -------------------------------------------------------------------    -------------------
    SLICE_X9Y11          FDRE (Prop_fdre_C_Q)         0.379     4.374 r  phy_init/PHY_rst_n_reg/Q
                         net (fo=1, routed)           1.586     5.960    PHY_rst_n_OBUF
    R14                  OBUF (Prop_obuf_I_O)         3.287     9.247 r  PHY_rst_n_OBUF_inst/O
                         net (fo=0)                   0.000     9.247    PHY_rst_n
    R14                                                               r  PHY_rst_n (OUT)
  -------------------------------------------------------------------    -------------------

Slack:                    inf
  Source:                 MDIO_master/mdio/ins_reg[63]/C
                            (rising edge-triggered cell FDSE clocked by clk_out1_clk_wiz_0  {rise@0.000ns fall@20.000ns period=40.000ns})
  Destination:            MDIO
                            (output port)
  Path Group:             (none)
  Path Type:              Max at Slow Process Corner
  Data Path Delay:        5.177ns  (logic 3.666ns (70.817%)  route 1.511ns (29.183%))
  Logic Levels:           1  (OBUFT=1)
  Clock Uncertainty:      0.431ns  ((TSJ^2 + DJ^2)^1/2) / 2 + PE
    Total System Jitter     (TSJ):    0.050ns
    Discrete Jitter          (DJ):    0.334ns
    Phase Error              (PE):    0.262ns

    Location             Delay type                Incr(ns)  Path(ns)    Netlist Resource(s)
  -------------------------------------------------------------------    -------------------
                         (clock clk_out1_clk_wiz_0 rise edge)
                                                      0.000     0.000 r  
    R4                                                0.000     0.000 r  sys_clk_p (IN)
                         net (fo=0)                   0.000     0.000    clk_wiz/inst/clk_in1_p
    R4                   IBUFDS (Prop_ibufds_I_O)     0.855     0.855 r  clk_wiz/inst/clkin1_ibufgds/O
                         net (fo=1, routed)           1.689     2.544    clk_wiz/inst/clk_in1_clk_wiz_0_buf
    BUFGCTRL_X0Y2        BUFG (Prop_bufg_I_O)         0.082     2.626 r  clk_wiz/inst/clkin1_bufg1/O
                         net (fo=1, routed)           1.408     4.034    clk_wiz/inst/clk_in1_clk_wiz_0
    PLLE2_ADV_X1Y0       PLLE2_ADV (Prop_plle2_adv_CLKIN1_CLKOUT0)
                                                     -2.908     1.126 r  clk_wiz/inst/plle2_adv_inst/CLKOUT0
                         net (fo=1, routed)           1.419     2.545    clk_wiz/inst/clk_out1_clk_wiz_0
    BUFGCTRL_X0Y0        BUFG (Prop_bufg_I_O)         0.081     2.626 r  clk_wiz/inst/clkout1_buf/O
                         net (fo=160, routed)         1.433     4.059    MDIO_master/mdio/clk
    SLICE_X3Y14          FDSE                                         r  MDIO_master/mdio/ins_reg[63]/C
  -------------------------------------------------------------------    -------------------
    SLICE_X3Y14          FDSE (Prop_fdse_C_Q)         0.379     4.438 r  MDIO_master/mdio/ins_reg[63]/Q
                         net (fo=1, routed)           1.511     5.948    MDIO_master/mdio/MDIO_IOBUF_inst/I
    P14                  OBUFT (Prop_obuft_I_O)       3.287     9.235 r  MDIO_master/mdio/MDIO_IOBUF_inst/OBUFT/O
                         net (fo=1, unset)            0.000     9.235    MDIO
    P14                                                               r  MDIO (INOUT)
  -------------------------------------------------------------------    -------------------





Min Delay Paths
--------------------------------------------------------------------------------------
Slack:                    inf
  Source:                 MDIO_master/mdio/en_reg/C
                            (rising edge-triggered cell FDSE clocked by clk_out1_clk_wiz_0  {rise@0.000ns fall@20.000ns period=40.000ns})
  Destination:            MDIO
                            (output port)
  Path Group:             (none)
  Path Type:              Min at Fast Process Corner
  Data Path Delay:        1.569ns  (logic 0.988ns (62.983%)  route 0.581ns (37.017%))
  Logic Levels:           1  (OBUFT=1)
  Clock Uncertainty:      0.431ns  ((TSJ^2 + DJ^2)^1/2) / 2 + PE
    Total System Jitter     (TSJ):    0.050ns
    Discrete Jitter          (DJ):    0.334ns
    Phase Error              (PE):    0.262ns

    Location             Delay type                Incr(ns)  Path(ns)    Netlist Resource(s)
  -------------------------------------------------------------------    -------------------
                         (clock clk_out1_clk_wiz_0 rise edge)
                                                      0.000     0.000 r  
    R4                                                0.000     0.000 r  sys_clk_p (IN)
                         net (fo=0)                   0.000     0.000    clk_wiz/inst/clk_in1_p
    R4                   IBUFDS (Prop_ibufds_I_O)     0.373     0.373 r  clk_wiz/inst/clkin1_ibufgds/O
                         net (fo=1, routed)           0.631     1.004    clk_wiz/inst/clk_in1_clk_wiz_0_buf
    BUFGCTRL_X0Y2        BUFG (Prop_bufg_I_O)         0.027     1.031 r  clk_wiz/inst/clkin1_bufg1/O
                         net (fo=1, routed)           0.554     1.584    clk_wiz/inst/clk_in1_clk_wiz_0
    PLLE2_ADV_X1Y0       PLLE2_ADV (Prop_plle2_adv_CLKIN1_CLKOUT0)
                                                     -1.081     0.504 r  clk_wiz/inst/plle2_adv_inst/CLKOUT0
                         net (fo=1, routed)           0.501     1.005    clk_wiz/inst/clk_out1_clk_wiz_0
    BUFGCTRL_X0Y0        BUFG (Prop_bufg_I_O)         0.026     1.031 r  clk_wiz/inst/clkout1_buf/O
                         net (fo=160, routed)         0.592     1.622    MDIO_master/mdio/clk
    SLICE_X2Y12          FDSE                                         r  MDIO_master/mdio/en_reg/C
  -------------------------------------------------------------------    -------------------
    SLICE_X2Y12          FDSE (Prop_fdse_C_Q)         0.164     1.786 r  MDIO_master/mdio/en_reg/Q
                         net (fo=2, routed)           0.581     2.367    MDIO_master/mdio/MDIO_IOBUF_inst/T
    P14                  OBUFT (TriStatD_obuft_T_O)
                                                      0.824     3.191 r  MDIO_master/mdio/MDIO_IOBUF_inst/OBUFT/O
                         net (fo=1, unset)            0.000     3.191    MDIO
    P14                                                               r  MDIO (INOUT)
  -------------------------------------------------------------------    -------------------

Slack:                    inf
  Source:                 phy_init/PHY_rst_n_reg/C
                            (rising edge-triggered cell FDRE clocked by clk_out1_clk_wiz_0  {rise@0.000ns fall@20.000ns period=40.000ns})
  Destination:            PHY_rst_n
                            (output port)
  Path Group:             (none)
  Path Type:              Min at Fast Process Corner
  Data Path Delay:        1.848ns  (logic 1.384ns (74.869%)  route 0.464ns (25.131%))
  Logic Levels:           1  (OBUF=1)
  Clock Uncertainty:      0.431ns  ((TSJ^2 + DJ^2)^1/2) / 2 + PE
    Total System Jitter     (TSJ):    0.050ns
    Discrete Jitter          (DJ):    0.334ns
    Phase Error              (PE):    0.262ns

    Location             Delay type                Incr(ns)  Path(ns)    Netlist Resource(s)
  -------------------------------------------------------------------    -------------------
                         (clock clk_out1_clk_wiz_0 rise edge)
                                                      0.000     0.000 r  
    R4                                                0.000     0.000 r  sys_clk_p (IN)
                         net (fo=0)                   0.000     0.000    clk_wiz/inst/clk_in1_p
    R4                   IBUFDS (Prop_ibufds_I_O)     0.373     0.373 r  clk_wiz/inst/clkin1_ibufgds/O
                         net (fo=1, routed)           0.631     1.004    clk_wiz/inst/clk_in1_clk_wiz_0_buf
    BUFGCTRL_X0Y2        BUFG (Prop_bufg_I_O)         0.027     1.031 r  clk_wiz/inst/clkin1_bufg1/O
                         net (fo=1, routed)           0.554     1.584    clk_wiz/inst/clk_in1_clk_wiz_0
    PLLE2_ADV_X1Y0       PLLE2_ADV (Prop_plle2_adv_CLKIN1_CLKOUT0)
                                                     -1.081     0.504 r  clk_wiz/inst/plle2_adv_inst/CLKOUT0
                         net (fo=1, routed)           0.501     1.005    clk_wiz/inst/clk_out1_clk_wiz_0
    BUFGCTRL_X0Y0        BUFG (Prop_bufg_I_O)         0.026     1.031 r  clk_wiz/inst/clkout1_buf/O
                         net (fo=160, routed)         0.564     1.594    phy_init/clk_out1
    SLICE_X9Y11          FDRE                                         r  phy_init/PHY_rst_n_reg/C
  -------------------------------------------------------------------    -------------------
    SLICE_X9Y11          FDRE (Prop_fdre_C_Q)         0.141     1.735 r  phy_init/PHY_rst_n_reg/Q
                         net (fo=1, routed)           0.464     2.200    PHY_rst_n_OBUF
    R14                  OBUF (Prop_obuf_I_O)         1.243     3.442 r  PHY_rst_n_OBUF_inst/O
                         net (fo=0)                   0.000     3.442    PHY_rst_n
    R14                                                               r  PHY_rst_n (OUT)
  -------------------------------------------------------------------    -------------------

Slack:                    inf
  Source:                 MDIO_master/mdc/MDC_reg/C
                            (falling edge-triggered cell FDRE clocked by clk_out1_clk_wiz_0  {rise@0.000ns fall@20.000ns period=40.000ns})
  Destination:            MDC
                            (output port)
  Path Group:             (none)
  Path Type:              Min at Fast Process Corner
  Data Path Delay:        1.987ns  (logic 1.410ns (70.951%)  route 0.577ns (29.049%))
  Logic Levels:           1  (OBUF=1)
  Clock Uncertainty:      0.431ns  ((TSJ^2 + DJ^2)^1/2) / 2 + PE
    Total System Jitter     (TSJ):    0.050ns
    Discrete Jitter          (DJ):    0.334ns
    Phase Error              (PE):    0.262ns

    Location             Delay type                Incr(ns)  Path(ns)    Netlist Resource(s)
  -------------------------------------------------------------------    -------------------
                         (clock clk_out1_clk_wiz_0 fall edge)
                                                     20.000    20.000 f  
    R4                                                0.000    20.000 f  sys_clk_p (IN)
                         net (fo=0)                   0.000    20.000    clk_wiz/inst/clk_in1_p
    R4                   IBUFDS (Prop_ibufds_I_O)     0.373    20.373 f  clk_wiz/inst/clkin1_ibufgds/O
                         net (fo=1, routed)           0.631    21.004    clk_wiz/inst/clk_in1_clk_wiz_0_buf
    BUFGCTRL_X0Y2        BUFG (Prop_bufg_I_O)         0.027    21.031 f  clk_wiz/inst/clkin1_bufg1/O
                         net (fo=1, routed)           0.554    21.584    clk_wiz/inst/clk_in1_clk_wiz_0
    PLLE2_ADV_X1Y0       PLLE2_ADV (Prop_plle2_adv_CLKIN1_CLKOUT0)
                                                     -1.081    20.504 f  clk_wiz/inst/plle2_adv_inst/CLKOUT0
                         net (fo=1, routed)           0.501    21.005    clk_wiz/inst/clk_out1_clk_wiz_0
    BUFGCTRL_X0Y0        BUFG (Prop_bufg_I_O)         0.026    21.031 f  clk_wiz/inst/clkout1_buf/O
                         net (fo=160, routed)         0.565    21.595    MDIO_master/mdc/clk_out1
    SLICE_X10Y9          FDRE                                         r  MDIO_master/mdc/MDC_reg/C  (IS_INVERTED)
  -------------------------------------------------------------------    -------------------
    SLICE_X10Y9          FDRE (Prop_fdre_C_Q)         0.167    21.762 r  MDIO_master/mdc/MDC_reg/Q
                         net (fo=7, routed)           0.577    22.340    MDC_OBUF
    N13                  OBUF (Prop_obuf_I_O)         1.243    23.583 r  MDC_OBUF_inst/O
                         net (fo=0)                   0.000    23.583    MDC
    N13                                                               r  MDC (OUT)
  -------------------------------------------------------------------    -------------------





--------------------------------------------------------------------------------------
Path Group:  (none)
From Clock:  
  To Clock:  clk_out1_clk_wiz_0

Max Delay           161 Endpoints
Min Delay           161 Endpoints
--------------------------------------------------------------------------------------


Max Delay Paths
--------------------------------------------------------------------------------------
Slack:                    inf
  Source:                 rst_n
                            (input port)
  Destination:            MDIO_master/mdc/counter_reg[0]/R
                            (falling edge-triggered cell FDRE clocked by clk_out1_clk_wiz_0  {rise@0.000ns fall@20.000ns period=40.000ns})
  Path Group:             (none)
  Path Type:              Setup (Max at Slow Process Corner)
  Data Path Delay:        7.808ns  (logic 1.773ns (22.703%)  route 6.035ns (77.297%))
  Logic Levels:           3  (IBUF=1 LUT2=1 LUT6=1)
  Clock Path Skew:        3.755ns (DCD - SCD + CPR)
    Destination Clock Delay (DCD):    3.755ns = ( 23.755 - 20.000 ) 
    Source Clock Delay      (SCD):    0.000ns
    Clock Pessimism Removal (CPR):    0.000ns
  Clock Uncertainty:      0.431ns  ((TSJ^2 + DJ^2)^1/2) / 2 + PE
    Total System Jitter     (TSJ):    0.050ns
    Discrete Jitter          (DJ):    0.334ns
    Phase Error              (PE):    0.262ns

    Location             Delay type                Incr(ns)  Path(ns)    Netlist Resource(s)
  -------------------------------------------------------------------    -------------------
    F15                                               0.000     0.000 f  rst_n (IN)
                         net (fo=0)                   0.000     0.000    rst_n
    F15                  IBUF (Prop_ibuf_I_O)         1.373     1.373 f  rst_n_IBUF_inst/O
                         net (fo=5, routed)           4.579     5.951    phy_init/rst_n_IBUF
    SLICE_X9Y11          LUT2 (Prop_lut2_I1_O)        0.125     6.076 r  phy_init/PHY_rst_n_i_1/O
                         net (fo=22, routed)          0.966     7.043    MDIO_master/mdc/clear
    SLICE_X9Y9           LUT6 (Prop_lut6_I4_O)        0.275     7.318 r  MDIO_master/mdc/counter[3]_i_1/O
                         net (fo=4, routed)           0.490     7.808    MDIO_master/mdc/counter[3]_i_1_n_0
    SLICE_X9Y9           FDRE                                         r  MDIO_master/mdc/counter_reg[0]/R
  -------------------------------------------------------------------    -------------------

                         (clock clk_out1_clk_wiz_0 fall edge)
                                                     20.000    20.000 f  
    R4                                                0.000    20.000 f  sys_clk_p (IN)
                         net (fo=0)                   0.000    20.000    clk_wiz/inst/clk_in1_p
    R4                   IBUFDS (Prop_ibufds_I_O)     0.817    20.817 f  clk_wiz/inst/clkin1_ibufgds/O
                         net (fo=1, routed)           1.599    22.416    clk_wiz/inst/clk_in1_clk_wiz_0_buf
    BUFGCTRL_X0Y2        BUFG (Prop_bufg_I_O)         0.078    22.494 f  clk_wiz/inst/clkin1_bufg1/O
                         net (fo=1, routed)           1.304    23.798    clk_wiz/inst/clk_in1_clk_wiz_0
    PLLE2_ADV_X1Y0       PLLE2_ADV (Prop_plle2_adv_CLKIN1_CLKOUT0)
                                                     -2.730    21.067 f  clk_wiz/inst/plle2_adv_inst/CLKOUT0
                         net (fo=1, routed)           1.349    22.417    clk_wiz/inst/clk_out1_clk_wiz_0
    BUFGCTRL_X0Y0        BUFG (Prop_bufg_I_O)         0.077    22.494 f  clk_wiz/inst/clkout1_buf/O
                         net (fo=160, routed)         1.261    23.755    MDIO_master/mdc/clk_out1
    SLICE_X9Y9           FDRE                                         r  MDIO_master/mdc/counter_reg[0]/C  (IS_INVERTED)

Slack:                    inf
  Source:                 rst_n
                            (input port)
  Destination:            MDIO_master/mdc/counter_reg[1]/R
                            (falling edge-triggered cell FDRE clocked by clk_out1_clk_wiz_0  {rise@0.000ns fall@20.000ns period=40.000ns})
  Path Group:             (none)
  Path Type:              Setup (Max at Slow Process Corner)
  Data Path Delay:        7.808ns  (logic 1.773ns (22.703%)  route 6.035ns (77.297%))
  Logic Levels:           3  (IBUF=1 LUT2=1 LUT6=1)
  Clock Path Skew:        3.755ns (DCD - SCD + CPR)
    Destination Clock Delay (DCD):    3.755ns = ( 23.755 - 20.000 ) 
    Source Clock Delay      (SCD):    0.000ns
    Clock Pessimism Removal (CPR):    0.000ns
  Clock Uncertainty:      0.431ns  ((TSJ^2 + DJ^2)^1/2) / 2 + PE
    Total System Jitter     (TSJ):    0.050ns
    Discrete Jitter          (DJ):    0.334ns
    Phase Error              (PE):    0.262ns

    Location             Delay type                Incr(ns)  Path(ns)    Netlist Resource(s)
  -------------------------------------------------------------------    -------------------
    F15                                               0.000     0.000 f  rst_n (IN)
                         net (fo=0)                   0.000     0.000    rst_n
    F15                  IBUF (Prop_ibuf_I_O)         1.373     1.373 f  rst_n_IBUF_inst/O
                         net (fo=5, routed)           4.579     5.951    phy_init/rst_n_IBUF
    SLICE_X9Y11          LUT2 (Prop_lut2_I1_O)        0.125     6.076 r  phy_init/PHY_rst_n_i_1/O
                         net (fo=22, routed)          0.966     7.043    MDIO_master/mdc/clear
    SLICE_X9Y9           LUT6 (Prop_lut6_I4_O)        0.275     7.318 r  MDIO_master/mdc/counter[3]_i_1/O
                         net (fo=4, routed)           0.490     7.808    MDIO_master/mdc/counter[3]_i_1_n_0
    SLICE_X9Y9           FDRE                                         r  MDIO_master/mdc/counter_reg[1]/R
  -------------------------------------------------------------------    -------------------

                         (clock clk_out1_clk_wiz_0 fall edge)
                                                     20.000    20.000 f  
    R4                                                0.000    20.000 f  sys_clk_p (IN)
                         net (fo=0)                   0.000    20.000    clk_wiz/inst/clk_in1_p
    R4                   IBUFDS (Prop_ibufds_I_O)     0.817    20.817 f  clk_wiz/inst/clkin1_ibufgds/O
                         net (fo=1, routed)           1.599    22.416    clk_wiz/inst/clk_in1_clk_wiz_0_buf
    BUFGCTRL_X0Y2        BUFG (Prop_bufg_I_O)         0.078    22.494 f  clk_wiz/inst/clkin1_bufg1/O
                         net (fo=1, routed)           1.304    23.798    clk_wiz/inst/clk_in1_clk_wiz_0
    PLLE2_ADV_X1Y0       PLLE2_ADV (Prop_plle2_adv_CLKIN1_CLKOUT0)
                                                     -2.730    21.067 f  clk_wiz/inst/plle2_adv_inst/CLKOUT0
                         net (fo=1, routed)           1.349    22.417    clk_wiz/inst/clk_out1_clk_wiz_0
    BUFGCTRL_X0Y0        BUFG (Prop_bufg_I_O)         0.077    22.494 f  clk_wiz/inst/clkout1_buf/O
                         net (fo=160, routed)         1.261    23.755    MDIO_master/mdc/clk_out1
    SLICE_X9Y9           FDRE                                         r  MDIO_master/mdc/counter_reg[1]/C  (IS_INVERTED)

Slack:                    inf
  Source:                 rst_n
                            (input port)
  Destination:            MDIO_master/mdc/counter_reg[2]/R
                            (falling edge-triggered cell FDRE clocked by clk_out1_clk_wiz_0  {rise@0.000ns fall@20.000ns period=40.000ns})
  Path Group:             (none)
  Path Type:              Setup (Max at Slow Process Corner)
  Data Path Delay:        7.808ns  (logic 1.773ns (22.703%)  route 6.035ns (77.297%))
  Logic Levels:           3  (IBUF=1 LUT2=1 LUT6=1)
  Clock Path Skew:        3.755ns (DCD - SCD + CPR)
    Destination Clock Delay (DCD):    3.755ns = ( 23.755 - 20.000 ) 
    Source Clock Delay      (SCD):    0.000ns
    Clock Pessimism Removal (CPR):    0.000ns
  Clock Uncertainty:      0.431ns  ((TSJ^2 + DJ^2)^1/2) / 2 + PE
    Total System Jitter     (TSJ):    0.050ns
    Discrete Jitter          (DJ):    0.334ns
    Phase Error              (PE):    0.262ns

    Location             Delay type                Incr(ns)  Path(ns)    Netlist Resource(s)
  -------------------------------------------------------------------    -------------------
    F15                                               0.000     0.000 f  rst_n (IN)
                         net (fo=0)                   0.000     0.000    rst_n
    F15                  IBUF (Prop_ibuf_I_O)         1.373     1.373 f  rst_n_IBUF_inst/O
                         net (fo=5, routed)           4.579     5.951    phy_init/rst_n_IBUF
    SLICE_X9Y11          LUT2 (Prop_lut2_I1_O)        0.125     6.076 r  phy_init/PHY_rst_n_i_1/O
                         net (fo=22, routed)          0.966     7.043    MDIO_master/mdc/clear
    SLICE_X9Y9           LUT6 (Prop_lut6_I4_O)        0.275     7.318 r  MDIO_master/mdc/counter[3]_i_1/O
                         net (fo=4, routed)           0.490     7.808    MDIO_master/mdc/counter[3]_i_1_n_0
    SLICE_X9Y9           FDRE                                         r  MDIO_master/mdc/counter_reg[2]/R
  -------------------------------------------------------------------    -------------------

                         (clock clk_out1_clk_wiz_0 fall edge)
                                                     20.000    20.000 f  
    R4                                                0.000    20.000 f  sys_clk_p (IN)
                         net (fo=0)                   0.000    20.000    clk_wiz/inst/clk_in1_p
    R4                   IBUFDS (Prop_ibufds_I_O)     0.817    20.817 f  clk_wiz/inst/clkin1_ibufgds/O
                         net (fo=1, routed)           1.599    22.416    clk_wiz/inst/clk_in1_clk_wiz_0_buf
    BUFGCTRL_X0Y2        BUFG (Prop_bufg_I_O)         0.078    22.494 f  clk_wiz/inst/clkin1_bufg1/O
                         net (fo=1, routed)           1.304    23.798    clk_wiz/inst/clk_in1_clk_wiz_0
    PLLE2_ADV_X1Y0       PLLE2_ADV (Prop_plle2_adv_CLKIN1_CLKOUT0)
                                                     -2.730    21.067 f  clk_wiz/inst/plle2_adv_inst/CLKOUT0
                         net (fo=1, routed)           1.349    22.417    clk_wiz/inst/clk_out1_clk_wiz_0
    BUFGCTRL_X0Y0        BUFG (Prop_bufg_I_O)         0.077    22.494 f  clk_wiz/inst/clkout1_buf/O
                         net (fo=160, routed)         1.261    23.755    MDIO_master/mdc/clk_out1
    SLICE_X9Y9           FDRE                                         r  MDIO_master/mdc/counter_reg[2]/C  (IS_INVERTED)

Slack:                    inf
  Source:                 rst_n
                            (input port)
  Destination:            MDIO_master/mdc/counter_reg[3]/R
                            (falling edge-triggered cell FDRE clocked by clk_out1_clk_wiz_0  {rise@0.000ns fall@20.000ns period=40.000ns})
  Path Group:             (none)
  Path Type:              Setup (Max at Slow Process Corner)
  Data Path Delay:        7.808ns  (logic 1.773ns (22.703%)  route 6.035ns (77.297%))
  Logic Levels:           3  (IBUF=1 LUT2=1 LUT6=1)
  Clock Path Skew:        3.755ns (DCD - SCD + CPR)
    Destination Clock Delay (DCD):    3.755ns = ( 23.755 - 20.000 ) 
    Source Clock Delay      (SCD):    0.000ns
    Clock Pessimism Removal (CPR):    0.000ns
  Clock Uncertainty:      0.431ns  ((TSJ^2 + DJ^2)^1/2) / 2 + PE
    Total System Jitter     (TSJ):    0.050ns
    Discrete Jitter          (DJ):    0.334ns
    Phase Error              (PE):    0.262ns

    Location             Delay type                Incr(ns)  Path(ns)    Netlist Resource(s)
  -------------------------------------------------------------------    -------------------
    F15                                               0.000     0.000 f  rst_n (IN)
                         net (fo=0)                   0.000     0.000    rst_n
    F15                  IBUF (Prop_ibuf_I_O)         1.373     1.373 f  rst_n_IBUF_inst/O
                         net (fo=5, routed)           4.579     5.951    phy_init/rst_n_IBUF
    SLICE_X9Y11          LUT2 (Prop_lut2_I1_O)        0.125     6.076 r  phy_init/PHY_rst_n_i_1/O
                         net (fo=22, routed)          0.966     7.043    MDIO_master/mdc/clear
    SLICE_X9Y9           LUT6 (Prop_lut6_I4_O)        0.275     7.318 r  MDIO_master/mdc/counter[3]_i_1/O
                         net (fo=4, routed)           0.490     7.808    MDIO_master/mdc/counter[3]_i_1_n_0
    SLICE_X9Y9           FDRE                                         r  MDIO_master/mdc/counter_reg[3]/R
  -------------------------------------------------------------------    -------------------

                         (clock clk_out1_clk_wiz_0 fall edge)
                                                     20.000    20.000 f  
    R4                                                0.000    20.000 f  sys_clk_p (IN)
                         net (fo=0)                   0.000    20.000    clk_wiz/inst/clk_in1_p
    R4                   IBUFDS (Prop_ibufds_I_O)     0.817    20.817 f  clk_wiz/inst/clkin1_ibufgds/O
                         net (fo=1, routed)           1.599    22.416    clk_wiz/inst/clk_in1_clk_wiz_0_buf
    BUFGCTRL_X0Y2        BUFG (Prop_bufg_I_O)         0.078    22.494 f  clk_wiz/inst/clkin1_bufg1/O
                         net (fo=1, routed)           1.304    23.798    clk_wiz/inst/clk_in1_clk_wiz_0
    PLLE2_ADV_X1Y0       PLLE2_ADV (Prop_plle2_adv_CLKIN1_CLKOUT0)
                                                     -2.730    21.067 f  clk_wiz/inst/plle2_adv_inst/CLKOUT0
                         net (fo=1, routed)           1.349    22.417    clk_wiz/inst/clk_out1_clk_wiz_0
    BUFGCTRL_X0Y0        BUFG (Prop_bufg_I_O)         0.077    22.494 f  clk_wiz/inst/clkout1_buf/O
                         net (fo=160, routed)         1.261    23.755    MDIO_master/mdc/clk_out1
    SLICE_X9Y9           FDRE                                         r  MDIO_master/mdc/counter_reg[3]/C  (IS_INVERTED)

Slack:                    inf
  Source:                 rst_n
                            (input port)
  Destination:            MDIO_master/mdio/ins_reg[41]/S
                            (rising edge-triggered cell FDSE clocked by clk_out1_clk_wiz_0  {rise@0.000ns fall@20.000ns period=40.000ns})
  Path Group:             (none)
  Path Type:              Setup (Max at Slow Process Corner)
  Data Path Delay:        7.553ns  (logic 1.499ns (19.842%)  route 6.054ns (80.158%))
  Logic Levels:           2  (IBUF=1 LUT3=1)
  Clock Path Skew:        3.815ns (DCD - SCD + CPR)
    Destination Clock Delay (DCD):    3.815ns
    Source Clock Delay      (SCD):    0.000ns
    Clock Pessimism Removal (CPR):    0.000ns
  Clock Uncertainty:      0.431ns  ((TSJ^2 + DJ^2)^1/2) / 2 + PE
    Total System Jitter     (TSJ):    0.050ns
    Discrete Jitter          (DJ):    0.334ns
    Phase Error              (PE):    0.262ns

    Location             Delay type                Incr(ns)  Path(ns)    Netlist Resource(s)
  -------------------------------------------------------------------    -------------------
    F15                                               0.000     0.000 f  rst_n (IN)
                         net (fo=0)                   0.000     0.000    rst_n
    F15                  IBUF (Prop_ibuf_I_O)         1.373     1.373 f  rst_n_IBUF_inst/O
                         net (fo=5, routed)           4.609     5.981    phy_init/rst_n_IBUF
    SLICE_X7Y11          LUT3 (Prop_lut3_I1_O)        0.126     6.107 r  phy_init/mdio_i_1/O
                         net (fo=101, routed)         1.446     7.553    MDIO_master/mdio/receive_sync_n_1
    SLICE_X4Y18          FDSE                                         r  MDIO_master/mdio/ins_reg[41]/S
  -------------------------------------------------------------------    -------------------

                         (clock clk_out1_clk_wiz_0 rise edge)
                                                      0.000     0.000 r  
    R4                                                0.000     0.000 r  sys_clk_p (IN)
                         net (fo=0)                   0.000     0.000    clk_wiz/inst/clk_in1_p
    R4                   IBUFDS (Prop_ibufds_I_O)     0.817     0.817 r  clk_wiz/inst/clkin1_ibufgds/O
                         net (fo=1, routed)           1.599     2.416    clk_wiz/inst/clk_in1_clk_wiz_0_buf
    BUFGCTRL_X0Y2        BUFG (Prop_bufg_I_O)         0.078     2.494 r  clk_wiz/inst/clkin1_bufg1/O
                         net (fo=1, routed)           1.304     3.798    clk_wiz/inst/clk_in1_clk_wiz_0
    PLLE2_ADV_X1Y0       PLLE2_ADV (Prop_plle2_adv_CLKIN1_CLKOUT0)
                                                     -2.730     1.067 r  clk_wiz/inst/plle2_adv_inst/CLKOUT0
                         net (fo=1, routed)           1.349     2.417    clk_wiz/inst/clk_out1_clk_wiz_0
    BUFGCTRL_X0Y0        BUFG (Prop_bufg_I_O)         0.077     2.494 r  clk_wiz/inst/clkout1_buf/O
                         net (fo=160, routed)         1.321     3.815    MDIO_master/mdio/clk
    SLICE_X4Y18          FDSE                                         r  MDIO_master/mdio/ins_reg[41]/C

Slack:                    inf
  Source:                 rst_n
                            (input port)
  Destination:            MDIO_master/mdio/ins_reg[42]/S
                            (rising edge-triggered cell FDSE clocked by clk_out1_clk_wiz_0  {rise@0.000ns fall@20.000ns period=40.000ns})
  Path Group:             (none)
  Path Type:              Setup (Max at Slow Process Corner)
  Data Path Delay:        7.553ns  (logic 1.499ns (19.842%)  route 6.054ns (80.158%))
  Logic Levels:           2  (IBUF=1 LUT3=1)
  Clock Path Skew:        3.815ns (DCD - SCD + CPR)
    Destination Clock Delay (DCD):    3.815ns
    Source Clock Delay      (SCD):    0.000ns
    Clock Pessimism Removal (CPR):    0.000ns
  Clock Uncertainty:      0.431ns  ((TSJ^2 + DJ^2)^1/2) / 2 + PE
    Total System Jitter     (TSJ):    0.050ns
    Discrete Jitter          (DJ):    0.334ns
    Phase Error              (PE):    0.262ns

    Location             Delay type                Incr(ns)  Path(ns)    Netlist Resource(s)
  -------------------------------------------------------------------    -------------------
    F15                                               0.000     0.000 f  rst_n (IN)
                         net (fo=0)                   0.000     0.000    rst_n
    F15                  IBUF (Prop_ibuf_I_O)         1.373     1.373 f  rst_n_IBUF_inst/O
                         net (fo=5, routed)           4.609     5.981    phy_init/rst_n_IBUF
    SLICE_X7Y11          LUT3 (Prop_lut3_I1_O)        0.126     6.107 r  phy_init/mdio_i_1/O
                         net (fo=101, routed)         1.446     7.553    MDIO_master/mdio/receive_sync_n_1
    SLICE_X4Y18          FDSE                                         r  MDIO_master/mdio/ins_reg[42]/S
  -------------------------------------------------------------------    -------------------

                         (clock clk_out1_clk_wiz_0 rise edge)
                                                      0.000     0.000 r  
    R4                                                0.000     0.000 r  sys_clk_p (IN)
                         net (fo=0)                   0.000     0.000    clk_wiz/inst/clk_in1_p
    R4                   IBUFDS (Prop_ibufds_I_O)     0.817     0.817 r  clk_wiz/inst/clkin1_ibufgds/O
                         net (fo=1, routed)           1.599     2.416    clk_wiz/inst/clk_in1_clk_wiz_0_buf
    BUFGCTRL_X0Y2        BUFG (Prop_bufg_I_O)         0.078     2.494 r  clk_wiz/inst/clkin1_bufg1/O
                         net (fo=1, routed)           1.304     3.798    clk_wiz/inst/clk_in1_clk_wiz_0
    PLLE2_ADV_X1Y0       PLLE2_ADV (Prop_plle2_adv_CLKIN1_CLKOUT0)
                                                     -2.730     1.067 r  clk_wiz/inst/plle2_adv_inst/CLKOUT0
                         net (fo=1, routed)           1.349     2.417    clk_wiz/inst/clk_out1_clk_wiz_0
    BUFGCTRL_X0Y0        BUFG (Prop_bufg_I_O)         0.077     2.494 r  clk_wiz/inst/clkout1_buf/O
                         net (fo=160, routed)         1.321     3.815    MDIO_master/mdio/clk
    SLICE_X4Y18          FDSE                                         r  MDIO_master/mdio/ins_reg[42]/C

Slack:                    inf
  Source:                 rst_n
                            (input port)
  Destination:            MDIO_master/mdio/ins_reg[48]/S
                            (rising edge-triggered cell FDSE clocked by clk_out1_clk_wiz_0  {rise@0.000ns fall@20.000ns period=40.000ns})
  Path Group:             (none)
  Path Type:              Setup (Max at Slow Process Corner)
  Data Path Delay:        7.553ns  (logic 1.499ns (19.842%)  route 6.054ns (80.158%))
  Logic Levels:           2  (IBUF=1 LUT3=1)
  Clock Path Skew:        3.815ns (DCD - SCD + CPR)
    Destination Clock Delay (DCD):    3.815ns
    Source Clock Delay      (SCD):    0.000ns
    Clock Pessimism Removal (CPR):    0.000ns
  Clock Uncertainty:      0.431ns  ((TSJ^2 + DJ^2)^1/2) / 2 + PE
    Total System Jitter     (TSJ):    0.050ns
    Discrete Jitter          (DJ):    0.334ns
    Phase Error              (PE):    0.262ns

    Location             Delay type                Incr(ns)  Path(ns)    Netlist Resource(s)
  -------------------------------------------------------------------    -------------------
    F15                                               0.000     0.000 f  rst_n (IN)
                         net (fo=0)                   0.000     0.000    rst_n
    F15                  IBUF (Prop_ibuf_I_O)         1.373     1.373 f  rst_n_IBUF_inst/O
                         net (fo=5, routed)           4.609     5.981    phy_init/rst_n_IBUF
    SLICE_X7Y11          LUT3 (Prop_lut3_I1_O)        0.126     6.107 r  phy_init/mdio_i_1/O
                         net (fo=101, routed)         1.446     7.553    MDIO_master/mdio/receive_sync_n_1
    SLICE_X4Y18          FDSE                                         r  MDIO_master/mdio/ins_reg[48]/S
  -------------------------------------------------------------------    -------------------

                         (clock clk_out1_clk_wiz_0 rise edge)
                                                      0.000     0.000 r  
    R4                                                0.000     0.000 r  sys_clk_p (IN)
                         net (fo=0)                   0.000     0.000    clk_wiz/inst/clk_in1_p
    R4                   IBUFDS (Prop_ibufds_I_O)     0.817     0.817 r  clk_wiz/inst/clkin1_ibufgds/O
                         net (fo=1, routed)           1.599     2.416    clk_wiz/inst/clk_in1_clk_wiz_0_buf
    BUFGCTRL_X0Y2        BUFG (Prop_bufg_I_O)         0.078     2.494 r  clk_wiz/inst/clkin1_bufg1/O
                         net (fo=1, routed)           1.304     3.798    clk_wiz/inst/clk_in1_clk_wiz_0
    PLLE2_ADV_X1Y0       PLLE2_ADV (Prop_plle2_adv_CLKIN1_CLKOUT0)
                                                     -2.730     1.067 r  clk_wiz/inst/plle2_adv_inst/CLKOUT0
                         net (fo=1, routed)           1.349     2.417    clk_wiz/inst/clk_out1_clk_wiz_0
    BUFGCTRL_X0Y0        BUFG (Prop_bufg_I_O)         0.077     2.494 r  clk_wiz/inst/clkout1_buf/O
                         net (fo=160, routed)         1.321     3.815    MDIO_master/mdio/clk
    SLICE_X4Y18          FDSE                                         r  MDIO_master/mdio/ins_reg[48]/C

Slack:                    inf
  Source:                 rst_n
                            (input port)
  Destination:            MDIO_master/mdio/ins_reg[49]/S
                            (rising edge-triggered cell FDSE clocked by clk_out1_clk_wiz_0  {rise@0.000ns fall@20.000ns period=40.000ns})
  Path Group:             (none)
  Path Type:              Setup (Max at Slow Process Corner)
  Data Path Delay:        7.553ns  (logic 1.499ns (19.842%)  route 6.054ns (80.158%))
  Logic Levels:           2  (IBUF=1 LUT3=1)
  Clock Path Skew:        3.815ns (DCD - SCD + CPR)
    Destination Clock Delay (DCD):    3.815ns
    Source Clock Delay      (SCD):    0.000ns
    Clock Pessimism Removal (CPR):    0.000ns
  Clock Uncertainty:      0.431ns  ((TSJ^2 + DJ^2)^1/2) / 2 + PE
    Total System Jitter     (TSJ):    0.050ns
    Discrete Jitter          (DJ):    0.334ns
    Phase Error              (PE):    0.262ns

    Location             Delay type                Incr(ns)  Path(ns)    Netlist Resource(s)
  -------------------------------------------------------------------    -------------------
    F15                                               0.000     0.000 f  rst_n (IN)
                         net (fo=0)                   0.000     0.000    rst_n
    F15                  IBUF (Prop_ibuf_I_O)         1.373     1.373 f  rst_n_IBUF_inst/O
                         net (fo=5, routed)           4.609     5.981    phy_init/rst_n_IBUF
    SLICE_X7Y11          LUT3 (Prop_lut3_I1_O)        0.126     6.107 r  phy_init/mdio_i_1/O
                         net (fo=101, routed)         1.446     7.553    MDIO_master/mdio/receive_sync_n_1
    SLICE_X4Y18          FDSE                                         r  MDIO_master/mdio/ins_reg[49]/S
  -------------------------------------------------------------------    -------------------

                         (clock clk_out1_clk_wiz_0 rise edge)
                                                      0.000     0.000 r  
    R4                                                0.000     0.000 r  sys_clk_p (IN)
                         net (fo=0)                   0.000     0.000    clk_wiz/inst/clk_in1_p
    R4                   IBUFDS (Prop_ibufds_I_O)     0.817     0.817 r  clk_wiz/inst/clkin1_ibufgds/O
                         net (fo=1, routed)           1.599     2.416    clk_wiz/inst/clk_in1_clk_wiz_0_buf
    BUFGCTRL_X0Y2        BUFG (Prop_bufg_I_O)         0.078     2.494 r  clk_wiz/inst/clkin1_bufg1/O
                         net (fo=1, routed)           1.304     3.798    clk_wiz/inst/clk_in1_clk_wiz_0
    PLLE2_ADV_X1Y0       PLLE2_ADV (Prop_plle2_adv_CLKIN1_CLKOUT0)
                                                     -2.730     1.067 r  clk_wiz/inst/plle2_adv_inst/CLKOUT0
                         net (fo=1, routed)           1.349     2.417    clk_wiz/inst/clk_out1_clk_wiz_0
    BUFGCTRL_X0Y0        BUFG (Prop_bufg_I_O)         0.077     2.494 r  clk_wiz/inst/clkout1_buf/O
                         net (fo=160, routed)         1.321     3.815    MDIO_master/mdio/clk
    SLICE_X4Y18          FDSE                                         r  MDIO_master/mdio/ins_reg[49]/C

Slack:                    inf
  Source:                 rst_n
                            (input port)
  Destination:            MDIO_master/mdio/ins_reg[43]/S
                            (rising edge-triggered cell FDSE clocked by clk_out1_clk_wiz_0  {rise@0.000ns fall@20.000ns period=40.000ns})
  Path Group:             (none)
  Path Type:              Setup (Max at Slow Process Corner)
  Data Path Delay:        7.549ns  (logic 1.499ns (19.851%)  route 6.051ns (80.149%))
  Logic Levels:           2  (IBUF=1 LUT3=1)
  Clock Path Skew:        3.815ns (DCD - SCD + CPR)
    Destination Clock Delay (DCD):    3.815ns
    Source Clock Delay      (SCD):    0.000ns
    Clock Pessimism Removal (CPR):    0.000ns
  Clock Uncertainty:      0.431ns  ((TSJ^2 + DJ^2)^1/2) / 2 + PE
    Total System Jitter     (TSJ):    0.050ns
    Discrete Jitter          (DJ):    0.334ns
    Phase Error              (PE):    0.262ns

    Location             Delay type                Incr(ns)  Path(ns)    Netlist Resource(s)
  -------------------------------------------------------------------    -------------------
    F15                                               0.000     0.000 f  rst_n (IN)
                         net (fo=0)                   0.000     0.000    rst_n
    F15                  IBUF (Prop_ibuf_I_O)         1.373     1.373 f  rst_n_IBUF_inst/O
                         net (fo=5, routed)           4.609     5.981    phy_init/rst_n_IBUF
    SLICE_X7Y11          LUT3 (Prop_lut3_I1_O)        0.126     6.107 r  phy_init/mdio_i_1/O
                         net (fo=101, routed)         1.442     7.549    MDIO_master/mdio/receive_sync_n_1
    SLICE_X5Y18          FDSE                                         r  MDIO_master/mdio/ins_reg[43]/S
  -------------------------------------------------------------------    -------------------

                         (clock clk_out1_clk_wiz_0 rise edge)
                                                      0.000     0.000 r  
    R4                                                0.000     0.000 r  sys_clk_p (IN)
                         net (fo=0)                   0.000     0.000    clk_wiz/inst/clk_in1_p
    R4                   IBUFDS (Prop_ibufds_I_O)     0.817     0.817 r  clk_wiz/inst/clkin1_ibufgds/O
                         net (fo=1, routed)           1.599     2.416    clk_wiz/inst/clk_in1_clk_wiz_0_buf
    BUFGCTRL_X0Y2        BUFG (Prop_bufg_I_O)         0.078     2.494 r  clk_wiz/inst/clkin1_bufg1/O
                         net (fo=1, routed)           1.304     3.798    clk_wiz/inst/clk_in1_clk_wiz_0
    PLLE2_ADV_X1Y0       PLLE2_ADV (Prop_plle2_adv_CLKIN1_CLKOUT0)
                                                     -2.730     1.067 r  clk_wiz/inst/plle2_adv_inst/CLKOUT0
                         net (fo=1, routed)           1.349     2.417    clk_wiz/inst/clk_out1_clk_wiz_0
    BUFGCTRL_X0Y0        BUFG (Prop_bufg_I_O)         0.077     2.494 r  clk_wiz/inst/clkout1_buf/O
                         net (fo=160, routed)         1.321     3.815    MDIO_master/mdio/clk
    SLICE_X5Y18          FDSE                                         r  MDIO_master/mdio/ins_reg[43]/C

Slack:                    inf
  Source:                 rst_n
                            (input port)
  Destination:            MDIO_master/mdio/ins_reg[44]/S
                            (rising edge-triggered cell FDSE clocked by clk_out1_clk_wiz_0  {rise@0.000ns fall@20.000ns period=40.000ns})
  Path Group:             (none)
  Path Type:              Setup (Max at Slow Process Corner)
  Data Path Delay:        7.549ns  (logic 1.499ns (19.851%)  route 6.051ns (80.149%))
  Logic Levels:           2  (IBUF=1 LUT3=1)
  Clock Path Skew:        3.815ns (DCD - SCD + CPR)
    Destination Clock Delay (DCD):    3.815ns
    Source Clock Delay      (SCD):    0.000ns
    Clock Pessimism Removal (CPR):    0.000ns
  Clock Uncertainty:      0.431ns  ((TSJ^2 + DJ^2)^1/2) / 2 + PE
    Total System Jitter     (TSJ):    0.050ns
    Discrete Jitter          (DJ):    0.334ns
    Phase Error              (PE):    0.262ns

    Location             Delay type                Incr(ns)  Path(ns)    Netlist Resource(s)
  -------------------------------------------------------------------    -------------------
    F15                                               0.000     0.000 f  rst_n (IN)
                         net (fo=0)                   0.000     0.000    rst_n
    F15                  IBUF (Prop_ibuf_I_O)         1.373     1.373 f  rst_n_IBUF_inst/O
                         net (fo=5, routed)           4.609     5.981    phy_init/rst_n_IBUF
    SLICE_X7Y11          LUT3 (Prop_lut3_I1_O)        0.126     6.107 r  phy_init/mdio_i_1/O
                         net (fo=101, routed)         1.442     7.549    MDIO_master/mdio/receive_sync_n_1
    SLICE_X5Y18          FDSE                                         r  MDIO_master/mdio/ins_reg[44]/S
  -------------------------------------------------------------------    -------------------

                         (clock clk_out1_clk_wiz_0 rise edge)
                                                      0.000     0.000 r  
    R4                                                0.000     0.000 r  sys_clk_p (IN)
                         net (fo=0)                   0.000     0.000    clk_wiz/inst/clk_in1_p
    R4                   IBUFDS (Prop_ibufds_I_O)     0.817     0.817 r  clk_wiz/inst/clkin1_ibufgds/O
                         net (fo=1, routed)           1.599     2.416    clk_wiz/inst/clk_in1_clk_wiz_0_buf
    BUFGCTRL_X0Y2        BUFG (Prop_bufg_I_O)         0.078     2.494 r  clk_wiz/inst/clkin1_bufg1/O
                         net (fo=1, routed)           1.304     3.798    clk_wiz/inst/clk_in1_clk_wiz_0
    PLLE2_ADV_X1Y0       PLLE2_ADV (Prop_plle2_adv_CLKIN1_CLKOUT0)
                                                     -2.730     1.067 r  clk_wiz/inst/plle2_adv_inst/CLKOUT0
                         net (fo=1, routed)           1.349     2.417    clk_wiz/inst/clk_out1_clk_wiz_0
    BUFGCTRL_X0Y0        BUFG (Prop_bufg_I_O)         0.077     2.494 r  clk_wiz/inst/clkout1_buf/O
                         net (fo=160, routed)         1.321     3.815    MDIO_master/mdio/clk
    SLICE_X5Y18          FDSE                                         r  MDIO_master/mdio/ins_reg[44]/C





Min Delay Paths
--------------------------------------------------------------------------------------
Slack:                    inf
  Source:                 MDIO
                            (input port)
  Destination:            MDIO_master/mdio/receive_sync/Ds_reg/D
                            (rising edge-triggered cell FDRE clocked by clk_out1_clk_wiz_0  {rise@0.000ns fall@20.000ns period=40.000ns})
  Path Group:             (none)
  Path Type:              Hold (Min at Fast Process Corner)
  Data Path Delay:        0.629ns  (logic 0.254ns (40.418%)  route 0.375ns (59.582%))
  Logic Levels:           1  (IBUF=1)
  Clock Path Skew:        1.982ns (DCD - SCD - CPR)
    Destination Clock Delay (DCD):    1.982ns
    Source Clock Delay      (SCD):    0.000ns
    Clock Pessimism Removal (CPR):    -0.000ns

    Location             Delay type                Incr(ns)  Path(ns)    Netlist Resource(s)
  -------------------------------------------------------------------    -------------------
    P14                                               0.000     0.000 r  MDIO (INOUT)
                         net (fo=1, unset)            0.000     0.000    MDIO_master/mdio/MDIO_IOBUF_inst/IO
    P14                  IBUF (Prop_ibuf_I_O)         0.254     0.254 r  MDIO_master/mdio/MDIO_IOBUF_inst/IBUF/O
                         net (fo=1, routed)           0.375     0.629    MDIO_master/mdio/receive_sync/MDIO_IBUF
    SLICE_X2Y10          FDRE                                         r  MDIO_master/mdio/receive_sync/Ds_reg/D
  -------------------------------------------------------------------    -------------------

                         (clock clk_out1_clk_wiz_0 rise edge)
                                                      0.000     0.000 r  
    R4                                                0.000     0.000 r  sys_clk_p (IN)
                         net (fo=0)                   0.000     0.000    clk_wiz/inst/clk_in1_p
    R4                   IBUFDS (Prop_ibufds_I_O)     0.404     0.404 r  clk_wiz/inst/clkin1_ibufgds/O
                         net (fo=1, routed)           0.685     1.088    clk_wiz/inst/clk_in1_clk_wiz_0_buf
    BUFGCTRL_X0Y2        BUFG (Prop_bufg_I_O)         0.030     1.118 r  clk_wiz/inst/clkin1_bufg1/O
                         net (fo=1, routed)           0.822     1.940    clk_wiz/inst/clk_in1_clk_wiz_0
    PLLE2_ADV_X1Y0       PLLE2_ADV (Prop_plle2_adv_CLKIN1_CLKOUT0)
                                                     -1.396     0.544 r  clk_wiz/inst/plle2_adv_inst/CLKOUT0
                         net (fo=1, routed)           0.546     1.089    clk_wiz/inst/clk_out1_clk_wiz_0
    BUFGCTRL_X0Y0        BUFG (Prop_bufg_I_O)         0.029     1.118 r  clk_wiz/inst/clkout1_buf/O
                         net (fo=160, routed)         0.864     1.982    MDIO_master/mdio/receive_sync/clk
    SLICE_X2Y10          FDRE                                         r  MDIO_master/mdio/receive_sync/Ds_reg/C

Slack:                    inf
  Source:                 clk_wiz/inst/plle2_adv_inst/LOCKED
                            (internal pin)
  Destination:            phy_init/init_complete_reg/D
                            (rising edge-triggered cell FDRE clocked by clk_out1_clk_wiz_0  {rise@0.000ns fall@20.000ns period=40.000ns})
  Path Group:             (none)
  Path Type:              Hold (Min at Fast Process Corner)
  Data Path Delay:        1.667ns  (logic 0.045ns (2.699%)  route 1.622ns (97.301%))
  Logic Levels:           1  (LUT4=1)
  Clock Uncertainty:      0.431ns  ((TSJ^2 + DJ^2)^1/2) / 2 + PE
    Total System Jitter     (TSJ):    0.050ns
    Discrete Jitter          (DJ):    0.334ns
    Phase Error              (PE):    0.262ns

    Location             Delay type                Incr(ns)  Path(ns)    Netlist Resource(s)
  -------------------------------------------------------------------    -------------------
    PLLE2_ADV_X1Y0       PLLE2_ADV                    0.000     0.000 r  clk_wiz/inst/plle2_adv_inst/LOCKED
                         net (fo=4, routed)           1.622     1.622    phy_init/locked
    SLICE_X7Y11          LUT4 (Prop_lut4_I3_O)        0.045     1.667 r  phy_init/init_complete_i_1/O
                         net (fo=1, routed)           0.000     1.667    phy_init/init_complete_i_1_n_0
    SLICE_X7Y11          FDRE                                         r  phy_init/init_complete_reg/D
  -------------------------------------------------------------------    -------------------

                         (clock clk_out1_clk_wiz_0 rise edge)
                                                      0.000     0.000 r  
    R4                                                0.000     0.000 r  sys_clk_p (IN)
                         net (fo=0)                   0.000     0.000    clk_wiz/inst/clk_in1_p
    R4                   IBUFDS (Prop_ibufds_I_O)     0.404     0.404 r  clk_wiz/inst/clkin1_ibufgds/O
                         net (fo=1, routed)           0.685     1.088    clk_wiz/inst/clk_in1_clk_wiz_0_buf
    BUFGCTRL_X0Y2        BUFG (Prop_bufg_I_O)         0.030     1.118 r  clk_wiz/inst/clkin1_bufg1/O
                         net (fo=1, routed)           0.822     1.940    clk_wiz/inst/clk_in1_clk_wiz_0
    PLLE2_ADV_X1Y0       PLLE2_ADV (Prop_plle2_adv_CLKIN1_CLKOUT0)
                                                     -1.396     0.544 r  clk_wiz/inst/plle2_adv_inst/CLKOUT0
                         net (fo=1, routed)           0.546     1.089    clk_wiz/inst/clk_out1_clk_wiz_0
    BUFGCTRL_X0Y0        BUFG (Prop_bufg_I_O)         0.029     1.118 r  clk_wiz/inst/clkout1_buf/O
                         net (fo=160, routed)         0.862     1.980    phy_init/clk_out1
    SLICE_X7Y11          FDRE                                         r  phy_init/init_complete_reg/C

Slack:                    inf
  Source:                 clk_wiz/inst/plle2_adv_inst/LOCKED
                            (internal pin)
  Destination:            phy_init/counter_reg[0]/R
                            (rising edge-triggered cell FDRE clocked by clk_out1_clk_wiz_0  {rise@0.000ns fall@20.000ns period=40.000ns})
  Path Group:             (none)
  Path Type:              Hold (Min at Fast Process Corner)
  Data Path Delay:        1.786ns  (logic 0.045ns (2.520%)  route 1.741ns (97.480%))
  Logic Levels:           1  (LUT2=1)
  Clock Uncertainty:      0.431ns  ((TSJ^2 + DJ^2)^1/2) / 2 + PE
    Total System Jitter     (TSJ):    0.050ns
    Discrete Jitter          (DJ):    0.334ns
    Phase Error              (PE):    0.262ns

    Location             Delay type                Incr(ns)  Path(ns)    Netlist Resource(s)
  -------------------------------------------------------------------    -------------------
    PLLE2_ADV_X1Y0       PLLE2_ADV                    0.000     0.000 f  clk_wiz/inst/plle2_adv_inst/LOCKED
                         net (fo=4, routed)           1.485     1.485    phy_init/locked
    SLICE_X9Y11          LUT2 (Prop_lut2_I0_O)        0.045     1.530 r  phy_init/PHY_rst_n_i_1/O
                         net (fo=22, routed)          0.255     1.786    phy_init/clear
    SLICE_X8Y9           FDRE                                         r  phy_init/counter_reg[0]/R
  -------------------------------------------------------------------    -------------------

                         (clock clk_out1_clk_wiz_0 rise edge)
                                                      0.000     0.000 r  
    R4                                                0.000     0.000 r  sys_clk_p (IN)
                         net (fo=0)                   0.000     0.000    clk_wiz/inst/clk_in1_p
    R4                   IBUFDS (Prop_ibufds_I_O)     0.404     0.404 r  clk_wiz/inst/clkin1_ibufgds/O
                         net (fo=1, routed)           0.685     1.088    clk_wiz/inst/clk_in1_clk_wiz_0_buf
    BUFGCTRL_X0Y2        BUFG (Prop_bufg_I_O)         0.030     1.118 r  clk_wiz/inst/clkin1_bufg1/O
                         net (fo=1, routed)           0.822     1.940    clk_wiz/inst/clk_in1_clk_wiz_0
    PLLE2_ADV_X1Y0       PLLE2_ADV (Prop_plle2_adv_CLKIN1_CLKOUT0)
                                                     -1.396     0.544 r  clk_wiz/inst/plle2_adv_inst/CLKOUT0
                         net (fo=1, routed)           0.546     1.089    clk_wiz/inst/clk_out1_clk_wiz_0
    BUFGCTRL_X0Y0        BUFG (Prop_bufg_I_O)         0.029     1.118 r  clk_wiz/inst/clkout1_buf/O
                         net (fo=160, routed)         0.835     1.953    phy_init/clk_out1
    SLICE_X8Y9           FDRE                                         r  phy_init/counter_reg[0]/C

Slack:                    inf
  Source:                 clk_wiz/inst/plle2_adv_inst/LOCKED
                            (internal pin)
  Destination:            phy_init/counter_reg[1]/R
                            (rising edge-triggered cell FDRE clocked by clk_out1_clk_wiz_0  {rise@0.000ns fall@20.000ns period=40.000ns})
  Path Group:             (none)
  Path Type:              Hold (Min at Fast Process Corner)
  Data Path Delay:        1.786ns  (logic 0.045ns (2.520%)  route 1.741ns (97.480%))
  Logic Levels:           1  (LUT2=1)
  Clock Uncertainty:      0.431ns  ((TSJ^2 + DJ^2)^1/2) / 2 + PE
    Total System Jitter     (TSJ):    0.050ns
    Discrete Jitter          (DJ):    0.334ns
    Phase Error              (PE):    0.262ns

    Location             Delay type                Incr(ns)  Path(ns)    Netlist Resource(s)
  -------------------------------------------------------------------    -------------------
    PLLE2_ADV_X1Y0       PLLE2_ADV                    0.000     0.000 f  clk_wiz/inst/plle2_adv_inst/LOCKED
                         net (fo=4, routed)           1.485     1.485    phy_init/locked
    SLICE_X9Y11          LUT2 (Prop_lut2_I0_O)        0.045     1.530 r  phy_init/PHY_rst_n_i_1/O
                         net (fo=22, routed)          0.255     1.786    phy_init/clear
    SLICE_X8Y9           FDRE                                         r  phy_init/counter_reg[1]/R
  -------------------------------------------------------------------    -------------------

                         (clock clk_out1_clk_wiz_0 rise edge)
                                                      0.000     0.000 r  
    R4                                                0.000     0.000 r  sys_clk_p (IN)
                         net (fo=0)                   0.000     0.000    clk_wiz/inst/clk_in1_p
    R4                   IBUFDS (Prop_ibufds_I_O)     0.404     0.404 r  clk_wiz/inst/clkin1_ibufgds/O
                         net (fo=1, routed)           0.685     1.088    clk_wiz/inst/clk_in1_clk_wiz_0_buf
    BUFGCTRL_X0Y2        BUFG (Prop_bufg_I_O)         0.030     1.118 r  clk_wiz/inst/clkin1_bufg1/O
                         net (fo=1, routed)           0.822     1.940    clk_wiz/inst/clk_in1_clk_wiz_0
    PLLE2_ADV_X1Y0       PLLE2_ADV (Prop_plle2_adv_CLKIN1_CLKOUT0)
                                                     -1.396     0.544 r  clk_wiz/inst/plle2_adv_inst/CLKOUT0
                         net (fo=1, routed)           0.546     1.089    clk_wiz/inst/clk_out1_clk_wiz_0
    BUFGCTRL_X0Y0        BUFG (Prop_bufg_I_O)         0.029     1.118 r  clk_wiz/inst/clkout1_buf/O
                         net (fo=160, routed)         0.835     1.953    phy_init/clk_out1
    SLICE_X8Y9           FDRE                                         r  phy_init/counter_reg[1]/C

Slack:                    inf
  Source:                 clk_wiz/inst/plle2_adv_inst/LOCKED
                            (internal pin)
  Destination:            phy_init/counter_reg[2]/R
                            (rising edge-triggered cell FDRE clocked by clk_out1_clk_wiz_0  {rise@0.000ns fall@20.000ns period=40.000ns})
  Path Group:             (none)
  Path Type:              Hold (Min at Fast Process Corner)
  Data Path Delay:        1.786ns  (logic 0.045ns (2.520%)  route 1.741ns (97.480%))
  Logic Levels:           1  (LUT2=1)
  Clock Uncertainty:      0.431ns  ((TSJ^2 + DJ^2)^1/2) / 2 + PE
    Total System Jitter     (TSJ):    0.050ns
    Discrete Jitter          (DJ):    0.334ns
    Phase Error              (PE):    0.262ns

    Location             Delay type                Incr(ns)  Path(ns)    Netlist Resource(s)
  -------------------------------------------------------------------    -------------------
    PLLE2_ADV_X1Y0       PLLE2_ADV                    0.000     0.000 f  clk_wiz/inst/plle2_adv_inst/LOCKED
                         net (fo=4, routed)           1.485     1.485    phy_init/locked
    SLICE_X9Y11          LUT2 (Prop_lut2_I0_O)        0.045     1.530 r  phy_init/PHY_rst_n_i_1/O
                         net (fo=22, routed)          0.255     1.786    phy_init/clear
    SLICE_X8Y9           FDRE                                         r  phy_init/counter_reg[2]/R
  -------------------------------------------------------------------    -------------------

                         (clock clk_out1_clk_wiz_0 rise edge)
                                                      0.000     0.000 r  
    R4                                                0.000     0.000 r  sys_clk_p (IN)
                         net (fo=0)                   0.000     0.000    clk_wiz/inst/clk_in1_p
    R4                   IBUFDS (Prop_ibufds_I_O)     0.404     0.404 r  clk_wiz/inst/clkin1_ibufgds/O
                         net (fo=1, routed)           0.685     1.088    clk_wiz/inst/clk_in1_clk_wiz_0_buf
    BUFGCTRL_X0Y2        BUFG (Prop_bufg_I_O)         0.030     1.118 r  clk_wiz/inst/clkin1_bufg1/O
                         net (fo=1, routed)           0.822     1.940    clk_wiz/inst/clk_in1_clk_wiz_0
    PLLE2_ADV_X1Y0       PLLE2_ADV (Prop_plle2_adv_CLKIN1_CLKOUT0)
                                                     -1.396     0.544 r  clk_wiz/inst/plle2_adv_inst/CLKOUT0
                         net (fo=1, routed)           0.546     1.089    clk_wiz/inst/clk_out1_clk_wiz_0
    BUFGCTRL_X0Y0        BUFG (Prop_bufg_I_O)         0.029     1.118 r  clk_wiz/inst/clkout1_buf/O
                         net (fo=160, routed)         0.835     1.953    phy_init/clk_out1
    SLICE_X8Y9           FDRE                                         r  phy_init/counter_reg[2]/C

Slack:                    inf
  Source:                 clk_wiz/inst/plle2_adv_inst/LOCKED
                            (internal pin)
  Destination:            phy_init/counter_reg[3]/R
                            (rising edge-triggered cell FDRE clocked by clk_out1_clk_wiz_0  {rise@0.000ns fall@20.000ns period=40.000ns})
  Path Group:             (none)
  Path Type:              Hold (Min at Fast Process Corner)
  Data Path Delay:        1.786ns  (logic 0.045ns (2.520%)  route 1.741ns (97.480%))
  Logic Levels:           1  (LUT2=1)
  Clock Uncertainty:      0.431ns  ((TSJ^2 + DJ^2)^1/2) / 2 + PE
    Total System Jitter     (TSJ):    0.050ns
    Discrete Jitter          (DJ):    0.334ns
    Phase Error              (PE):    0.262ns

    Location             Delay type                Incr(ns)  Path(ns)    Netlist Resource(s)
  -------------------------------------------------------------------    -------------------
    PLLE2_ADV_X1Y0       PLLE2_ADV                    0.000     0.000 f  clk_wiz/inst/plle2_adv_inst/LOCKED
                         net (fo=4, routed)           1.485     1.485    phy_init/locked
    SLICE_X9Y11          LUT2 (Prop_lut2_I0_O)        0.045     1.530 r  phy_init/PHY_rst_n_i_1/O
                         net (fo=22, routed)          0.255     1.786    phy_init/clear
    SLICE_X8Y9           FDRE                                         r  phy_init/counter_reg[3]/R
  -------------------------------------------------------------------    -------------------

                         (clock clk_out1_clk_wiz_0 rise edge)
                                                      0.000     0.000 r  
    R4                                                0.000     0.000 r  sys_clk_p (IN)
                         net (fo=0)                   0.000     0.000    clk_wiz/inst/clk_in1_p
    R4                   IBUFDS (Prop_ibufds_I_O)     0.404     0.404 r  clk_wiz/inst/clkin1_ibufgds/O
                         net (fo=1, routed)           0.685     1.088    clk_wiz/inst/clk_in1_clk_wiz_0_buf
    BUFGCTRL_X0Y2        BUFG (Prop_bufg_I_O)         0.030     1.118 r  clk_wiz/inst/clkin1_bufg1/O
                         net (fo=1, routed)           0.822     1.940    clk_wiz/inst/clk_in1_clk_wiz_0
    PLLE2_ADV_X1Y0       PLLE2_ADV (Prop_plle2_adv_CLKIN1_CLKOUT0)
                                                     -1.396     0.544 r  clk_wiz/inst/plle2_adv_inst/CLKOUT0
                         net (fo=1, routed)           0.546     1.089    clk_wiz/inst/clk_out1_clk_wiz_0
    BUFGCTRL_X0Y0        BUFG (Prop_bufg_I_O)         0.029     1.118 r  clk_wiz/inst/clkout1_buf/O
                         net (fo=160, routed)         0.835     1.953    phy_init/clk_out1
    SLICE_X8Y9           FDRE                                         r  phy_init/counter_reg[3]/C

Slack:                    inf
  Source:                 clk_wiz/inst/plle2_adv_inst/LOCKED
                            (internal pin)
  Destination:            MDIO_master/counter_reg[26]/R
                            (rising edge-triggered cell FDRE clocked by clk_out1_clk_wiz_0  {rise@0.000ns fall@20.000ns period=40.000ns})
  Path Group:             (none)
  Path Type:              Hold (Min at Fast Process Corner)
  Data Path Delay:        1.795ns  (logic 0.045ns (2.507%)  route 1.750ns (97.493%))
  Logic Levels:           1  (LUT3=1)
  Clock Uncertainty:      0.431ns  ((TSJ^2 + DJ^2)^1/2) / 2 + PE
    Total System Jitter     (TSJ):    0.050ns
    Discrete Jitter          (DJ):    0.334ns
    Phase Error              (PE):    0.262ns

    Location             Delay type                Incr(ns)  Path(ns)    Netlist Resource(s)
  -------------------------------------------------------------------    -------------------
    PLLE2_ADV_X1Y0       PLLE2_ADV                    0.000     0.000 f  clk_wiz/inst/plle2_adv_inst/LOCKED
                         net (fo=4, routed)           1.485     1.485    phy_init/locked
    SLICE_X9Y11          LUT3 (Prop_lut3_I0_O)        0.045     1.530 r  phy_init/counter[31]_i_1/O
                         net (fo=33, routed)          0.265     1.795    MDIO_master/SR[0]
    SLICE_X6Y11          FDRE                                         r  MDIO_master/counter_reg[26]/R
  -------------------------------------------------------------------    -------------------

                         (clock clk_out1_clk_wiz_0 rise edge)
                                                      0.000     0.000 r  
    R4                                                0.000     0.000 r  sys_clk_p (IN)
                         net (fo=0)                   0.000     0.000    clk_wiz/inst/clk_in1_p
    R4                   IBUFDS (Prop_ibufds_I_O)     0.404     0.404 r  clk_wiz/inst/clkin1_ibufgds/O
                         net (fo=1, routed)           0.685     1.088    clk_wiz/inst/clk_in1_clk_wiz_0_buf
    BUFGCTRL_X0Y2        BUFG (Prop_bufg_I_O)         0.030     1.118 r  clk_wiz/inst/clkin1_bufg1/O
                         net (fo=1, routed)           0.822     1.940    clk_wiz/inst/clk_in1_clk_wiz_0
    PLLE2_ADV_X1Y0       PLLE2_ADV (Prop_plle2_adv_CLKIN1_CLKOUT0)
                                                     -1.396     0.544 r  clk_wiz/inst/plle2_adv_inst/CLKOUT0
                         net (fo=1, routed)           0.546     1.089    clk_wiz/inst/clk_out1_clk_wiz_0
    BUFGCTRL_X0Y0        BUFG (Prop_bufg_I_O)         0.029     1.118 r  clk_wiz/inst/clkout1_buf/O
                         net (fo=160, routed)         0.862     1.980    MDIO_master/clk_out1
    SLICE_X6Y11          FDRE                                         r  MDIO_master/counter_reg[26]/C

Slack:                    inf
  Source:                 clk_wiz/inst/plle2_adv_inst/LOCKED
                            (internal pin)
  Destination:            MDIO_master/counter_reg[27]/R
                            (rising edge-triggered cell FDRE clocked by clk_out1_clk_wiz_0  {rise@0.000ns fall@20.000ns period=40.000ns})
  Path Group:             (none)
  Path Type:              Hold (Min at Fast Process Corner)
  Data Path Delay:        1.795ns  (logic 0.045ns (2.507%)  route 1.750ns (97.493%))
  Logic Levels:           1  (LUT3=1)
  Clock Uncertainty:      0.431ns  ((TSJ^2 + DJ^2)^1/2) / 2 + PE
    Total System Jitter     (TSJ):    0.050ns
    Discrete Jitter          (DJ):    0.334ns
    Phase Error              (PE):    0.262ns

    Location             Delay type                Incr(ns)  Path(ns)    Netlist Resource(s)
  -------------------------------------------------------------------    -------------------
    PLLE2_ADV_X1Y0       PLLE2_ADV                    0.000     0.000 f  clk_wiz/inst/plle2_adv_inst/LOCKED
                         net (fo=4, routed)           1.485     1.485    phy_init/locked
    SLICE_X9Y11          LUT3 (Prop_lut3_I0_O)        0.045     1.530 r  phy_init/counter[31]_i_1/O
                         net (fo=33, routed)          0.265     1.795    MDIO_master/SR[0]
    SLICE_X6Y11          FDRE                                         r  MDIO_master/counter_reg[27]/R
  -------------------------------------------------------------------    -------------------

                         (clock clk_out1_clk_wiz_0 rise edge)
                                                      0.000     0.000 r  
    R4                                                0.000     0.000 r  sys_clk_p (IN)
                         net (fo=0)                   0.000     0.000    clk_wiz/inst/clk_in1_p
    R4                   IBUFDS (Prop_ibufds_I_O)     0.404     0.404 r  clk_wiz/inst/clkin1_ibufgds/O
                         net (fo=1, routed)           0.685     1.088    clk_wiz/inst/clk_in1_clk_wiz_0_buf
    BUFGCTRL_X0Y2        BUFG (Prop_bufg_I_O)         0.030     1.118 r  clk_wiz/inst/clkin1_bufg1/O
                         net (fo=1, routed)           0.822     1.940    clk_wiz/inst/clk_in1_clk_wiz_0
    PLLE2_ADV_X1Y0       PLLE2_ADV (Prop_plle2_adv_CLKIN1_CLKOUT0)
                                                     -1.396     0.544 r  clk_wiz/inst/plle2_adv_inst/CLKOUT0
                         net (fo=1, routed)           0.546     1.089    clk_wiz/inst/clk_out1_clk_wiz_0
    BUFGCTRL_X0Y0        BUFG (Prop_bufg_I_O)         0.029     1.118 r  clk_wiz/inst/clkout1_buf/O
                         net (fo=160, routed)         0.862     1.980    MDIO_master/clk_out1
    SLICE_X6Y11          FDRE                                         r  MDIO_master/counter_reg[27]/C

Slack:                    inf
  Source:                 clk_wiz/inst/plle2_adv_inst/LOCKED
                            (internal pin)
  Destination:            MDIO_master/counter_reg[28]/R
                            (rising edge-triggered cell FDRE clocked by clk_out1_clk_wiz_0  {rise@0.000ns fall@20.000ns period=40.000ns})
  Path Group:             (none)
  Path Type:              Hold (Min at Fast Process Corner)
  Data Path Delay:        1.795ns  (logic 0.045ns (2.507%)  route 1.750ns (97.493%))
  Logic Levels:           1  (LUT3=1)
  Clock Uncertainty:      0.431ns  ((TSJ^2 + DJ^2)^1/2) / 2 + PE
    Total System Jitter     (TSJ):    0.050ns
    Discrete Jitter          (DJ):    0.334ns
    Phase Error              (PE):    0.262ns

    Location             Delay type                Incr(ns)  Path(ns)    Netlist Resource(s)
  -------------------------------------------------------------------    -------------------
    PLLE2_ADV_X1Y0       PLLE2_ADV                    0.000     0.000 f  clk_wiz/inst/plle2_adv_inst/LOCKED
                         net (fo=4, routed)           1.485     1.485    phy_init/locked
    SLICE_X9Y11          LUT3 (Prop_lut3_I0_O)        0.045     1.530 r  phy_init/counter[31]_i_1/O
                         net (fo=33, routed)          0.265     1.795    MDIO_master/SR[0]
    SLICE_X6Y11          FDRE                                         r  MDIO_master/counter_reg[28]/R
  -------------------------------------------------------------------    -------------------

                         (clock clk_out1_clk_wiz_0 rise edge)
                                                      0.000     0.000 r  
    R4                                                0.000     0.000 r  sys_clk_p (IN)
                         net (fo=0)                   0.000     0.000    clk_wiz/inst/clk_in1_p
    R4                   IBUFDS (Prop_ibufds_I_O)     0.404     0.404 r  clk_wiz/inst/clkin1_ibufgds/O
                         net (fo=1, routed)           0.685     1.088    clk_wiz/inst/clk_in1_clk_wiz_0_buf
    BUFGCTRL_X0Y2        BUFG (Prop_bufg_I_O)         0.030     1.118 r  clk_wiz/inst/clkin1_bufg1/O
                         net (fo=1, routed)           0.822     1.940    clk_wiz/inst/clk_in1_clk_wiz_0
    PLLE2_ADV_X1Y0       PLLE2_ADV (Prop_plle2_adv_CLKIN1_CLKOUT0)
                                                     -1.396     0.544 r  clk_wiz/inst/plle2_adv_inst/CLKOUT0
                         net (fo=1, routed)           0.546     1.089    clk_wiz/inst/clk_out1_clk_wiz_0
    BUFGCTRL_X0Y0        BUFG (Prop_bufg_I_O)         0.029     1.118 r  clk_wiz/inst/clkout1_buf/O
                         net (fo=160, routed)         0.862     1.980    MDIO_master/clk_out1
    SLICE_X6Y11          FDRE                                         r  MDIO_master/counter_reg[28]/C

Slack:                    inf
  Source:                 clk_wiz/inst/plle2_adv_inst/LOCKED
                            (internal pin)
  Destination:            MDIO_master/mdc/MDC_reg/D
                            (falling edge-triggered cell FDRE clocked by clk_out1_clk_wiz_0  {rise@0.000ns fall@20.000ns period=40.000ns})
  Path Group:             (none)
  Path Type:              Hold (Min at Fast Process Corner)
  Data Path Delay:        1.836ns  (logic 0.090ns (4.902%)  route 1.746ns (95.098%))
  Logic Levels:           2  (LUT3=1 LUT6=1)
  Clock Uncertainty:      0.431ns  ((TSJ^2 + DJ^2)^1/2) / 2 + PE
    Total System Jitter     (TSJ):    0.050ns
    Discrete Jitter          (DJ):    0.334ns
    Phase Error              (PE):    0.262ns

    Location             Delay type                Incr(ns)  Path(ns)    Netlist Resource(s)
  -------------------------------------------------------------------    -------------------
    PLLE2_ADV_X1Y0       PLLE2_ADV                    0.000     0.000 r  clk_wiz/inst/plle2_adv_inst/LOCKED
                         net (fo=4, routed)           1.485     1.485    phy_init/locked
    SLICE_X9Y11          LUT3 (Prop_lut3_I0_O)        0.045     1.530 f  phy_init/counter[31]_i_1/O
                         net (fo=33, routed)          0.261     1.791    MDIO_master/mdc/SR[0]
    SLICE_X10Y9          LUT6 (Prop_lut6_I5_O)        0.045     1.836 r  MDIO_master/mdc/MDC_i_1/O
                         net (fo=1, routed)           0.000     1.836    MDIO_master/mdc/MDC_i_1_n_0
    SLICE_X10Y9          FDRE                                         r  MDIO_master/mdc/MDC_reg/D
  -------------------------------------------------------------------    -------------------

                         (clock clk_out1_clk_wiz_0 fall edge)
                                                     20.000    20.000 f  
    R4                                                0.000    20.000 f  sys_clk_p (IN)
                         net (fo=0)                   0.000    20.000    clk_wiz/inst/clk_in1_p
    R4                   IBUFDS (Prop_ibufds_I_O)     0.404    20.404 f  clk_wiz/inst/clkin1_ibufgds/O
                         net (fo=1, routed)           0.685    21.088    clk_wiz/inst/clk_in1_clk_wiz_0_buf
    BUFGCTRL_X0Y2        BUFG (Prop_bufg_I_O)         0.030    21.118 f  clk_wiz/inst/clkin1_bufg1/O
                         net (fo=1, routed)           0.822    21.940    clk_wiz/inst/clk_in1_clk_wiz_0
    PLLE2_ADV_X1Y0       PLLE2_ADV (Prop_plle2_adv_CLKIN1_CLKOUT0)
                                                     -1.396    20.544 f  clk_wiz/inst/plle2_adv_inst/CLKOUT0
                         net (fo=1, routed)           0.546    21.089    clk_wiz/inst/clk_out1_clk_wiz_0
    BUFGCTRL_X0Y0        BUFG (Prop_bufg_I_O)         0.029    21.118 f  clk_wiz/inst/clkout1_buf/O
                         net (fo=160, routed)         0.835    21.953    MDIO_master/mdc/clk_out1
    SLICE_X10Y9          FDRE                                         r  MDIO_master/mdc/MDC_reg/C  (IS_INVERTED)





